Code,X,Y
1900,0.530849776,0.066109933
1900.08333,0.528709593,0.060792222
1900.16666,0.524975259,0.062523342
1900.24999,0.519143455,0.058909507
1900.33332,0.548053391,0.062177856
1900.41665,0.574321133,0.060349842
1900.49998,0.590572542,0.05525673
1900.58331,0.57308408,0.056378564
1900.66664,0.613744678,0.059494655
1900.74997,0.571425246,0.060481198
1900.8333,0.504243997,0.05290527
1900.91663,0.438001213,0.044318
1901,0.43067523,0.043928673
1901.08333,0.39691675,0.043037492
1901.16666,0.363273812,0.038352885
1901.24999,0.275964327,0.029901936
1901.33332,0.329237669,0.037128806
1901.41665,0.236103419,0.029649477
1901.49998,0.322142401,0.036102051
1901.58331,0.322414314,0.029860462
1901.66664,0.339817827,0.024807686
1901.74997,0.354976387,0.026476976
1901.8333,0.346877383,0.02831849
1901.91663,0.374587273,0.03040768
1902,0.345059804,0.028349169
1902.08333,0.33655304,0.026888207
1902.16666,0.335641981,0.029784651
1902.24999,0.313943916,0.029757199
1902.33332,0.328945831,0.030145083
1902.41665,0.34611094,0.030908642
1902.49998,0.32362709,0.02903447
1902.58331,0.286738518,0.028914758
1902.66664,0.296689182,0.029364031
1902.74997,0.397181512,0.032611575
1902.8333,0.404355224,0.035638448
1902.91663,0.439758461,0.034457019
1903,0.402676999,0.028879344
1903.08333,0.410030514,0.025639857
1903.16666,0.418004904,0.027426626
1903.24999,0.461292878,0.03124652
1903.33332,0.459866385,0.030206585
1903.41665,0.52131545,0.030504671
1903.49998,0.570112183,0.036223844
1903.58331,0.604431424,0.041849159
1903.66664,0.642758295,0.0449425
1903.74997,0.665022416,0.044654414
1903.8333,0.652926967,0.041567228
1903.91663,0.612208874,0.036592292
1904,0.620540048,0.038686943
1904.08333,0.672012108,0.042681176
1904.16666,0.664425622,0.041051501
1904.24999,0.633754376,0.036164233
1904.33332,0.63340012,0.038881258
1904.41665,0.63370726,0.038214134
1904.49998,0.598147958,0.028473355
1904.58331,0.577920298,0.025166187
1904.66664,0.54899489,0.020885696
1904.74997,0.497193959,0.015239669
1904.8333,0.469648492,0.010039876
1904.91663,0.461794219,0.004776124
1905,0.445409363,0.004466696
1905.08333,0.404791335,-0.00121758
1905.16666,0.37043779,-0.001359422
1905.24999,0.391114079,0.007040848
1905.33332,0.436242407,0.009802684
1905.41665,0.43377508,0.009670182
1905.49998,0.408991318,0.006211305
1905.58331,0.392287318,0.006711766
1905.66664,0.384148921,0.009933327
1905.74997,0.376578862,0.013978009
1905.8333,0.401851645,0.017824307
1905.91663,0.395700933,0.015635487
1906,0.370398685,0.01053131
1906.08333,0.383902266,0.00989755
1906.16666,0.408765549,0.012026299
1906.24999,0.423442233,0.012280994
1906.33332,0.461568902,0.017199495
1906.41665,0.44923206,0.016841434
1906.49998,0.443000323,0.018115139
1906.58331,0.395891086,0.011818385
1906.66664,0.377173613,0.012784582
1906.74997,0.431106045,0.018853528
1906.8333,0.423342969,0.019159264
1906.91663,0.444069251,0.016052741
1907,0.464371519,0.016571844
1907.08333,0.518733475,0.014145041
1907.16666,0.612376738,0.027768199
1907.24999,0.610351343,0.025932633
1907.33332,0.666777926,0.026099018
1907.41665,0.710423562,0.031603243
1907.49998,0.674816224,0.025229353
1907.58331,0.75156686,0.030191153
1907.66664,0.76076885,0.026622402
1907.74997,0.886926123,0.032754322
1907.8333,0.904065762,0.030258202
1907.91663,0.831361521,0.02217352
1908,0.780558638,0.024132294
1908.08333,0.804364816,0.03101138
1908.16666,0.770430033,0.025226602
1908.24999,0.735376415,0.019225731
1908.33332,0.688613473,0.017403344
1908.41665,0.693517249,0.017603399
1908.49998,0.673403379,0.014924243
1908.58331,0.633750607,0.011932169
1908.66664,0.649415503,0.012693907
1908.74997,0.65350348,0.015878581
1908.8333,0.602802033,0.012007542
1908.91663,0.59579545,0.008023404
1909,0.585497088,0.007235308
1909.08333,0.629624175,0.010918421
1909.16666,0.615739943,0.012850188
1909.24999,0.589046658,0.012091755
1909.33332,0.564789147,0.015828495
1909.41665,0.556827678,0.017027108
1909.49998,0.541652596,0.019021145
1909.58331,0.523384153,0.009914075
1909.66664,0.532517535,0.011690074
1909.74997,0.54711969,0.016554346
1909.8333,0.561350792,0.014323698
1909.91663,0.55809195,0.01037899
1910,0.567290161,0.011803957
1910.08333,0.602575482,0.00688455
1910.16666,0.597168134,0.011370006
1910.24999,0.63195425,0.013031688
1910.33332,0.628669286,0.008344615
1910.41665,0.670812468,0.011565462
1910.49998,0.721143444,0.016723772
1910.58331,0.688458191,0.010368171
1910.66664,0.671131318,0.013206809
1910.74997,0.595599506,0.00895353
1910.8333,0.578505072,0.003912415
1910.91663,0.606092804,-0.002457335
1911,0.583781696,-0.000468508
1911.08333,0.534002136,-0.003333114
1911.16666,0.558745667,-0.005103276
1911.24999,0.531967548,-0.004763222
1911.33332,0.510000964,-0.004277119
1911.41665,0.491567262,-0.015002671
1911.49998,0.508009593,-0.01521399
1911.58331,0.588770949,-0.012045942
1911.66664,0.653926467,-0.004441563
1911.74997,0.648556297,-0.004044975
1911.8333,0.599292605,-0.003301246
1911.91663,0.582334157,-0.000672813
1912,0.591710353,-0.001410405
1912.08333,0.611469502,0.001375728
1912.16666,0.593446652,0.002123166
1912.24999,0.584601343,0.004754895
1912.33332,0.575577501,0.008398531
1912.41665,0.556436846,0.007263696
1912.49998,0.54780086,0.007677209
1912.58331,0.524625404,0.008909057
1912.66664,0.519511571,0.010777392
1912.74997,0.514666323,0.012884829
1912.8333,0.516257014,0.008740185
1912.91663,0.532866755,0.012073849
1913,0.544873738,0.014021866
1913.08333,0.572240141,0.021835923
1913.16666,0.595853515,0.025358141
1913.24999,0.60345274,0.021853032
1913.33332,0.625047508,0.019896354
1913.41665,0.693517249,0.021207705
1913.49998,0.69465031,0.016504798
1913.58331,0.674227296,0.014351341
1913.66664,0.679733547,0.014097628
1913.74997,0.716166095,0.015978366
1913.8333,0.758729446,0.021458505
1913.91663,0.754475925,0.025017329
1914,0.720411497,0.024165434
1914.08333,0.702276728,0.023110769
1914.16666,0.718520375,0.023050113
1914.24999,0.733169495,0.02297419
1914.33332,0.734252549,0.021837129
1914.41665,0.736227974,0.024187828
1914.49998,0.803160727,0.034197657
1914.58331,0.819663238,0.037350732
1914.66664,0.816332281,0.036335301
1914.74997,0.805910586,0.03483513
1914.8333,0.812056851,0.040059289
1914.91663,0.843525983,0.049619345
1915,0.825015956,0.051667942
1915.08333,0.825554634,0.053928355
1915.16666,0.794157173,0.048658041
1915.24999,0.734094183,0.040467003
1915.33332,0.771850619,0.045936979
1915.41665,0.763419442,0.046696736
1915.49998,0.771809508,0.049827349
1915.58331,0.735194926,0.047045416
1915.66664,0.701153143,0.045723878
1915.74997,0.662026492,0.043546145
1915.8333,0.640061493,0.043304287
1915.91663,0.643397477,0.044679023
1916,0.672603651,0.047908709
1916.08333,0.692797242,0.049092216
1916.16666,0.701731924,0.042119785
1916.24999,0.721694814,0.040201133
1916.33332,0.709221686,0.038374265
1916.41665,0.706840508,0.041779324
1916.49998,0.722065308,0.046920281
1916.58331,0.722324735,0.049653615
1916.66664,0.699761004,0.046856149
1916.74997,0.68818949,0.041241957
1916.8333,0.68579428,0.039983032
1916.91663,0.735595497,0.045940347
1917,0.76834929,0.04732656
1917.08333,0.854401028,0.054787823
1917.16666,0.820848743,0.052997646
1917.24999,0.882962344,0.056651424
1917.33332,0.929254398,0.063241037
1917.41665,0.923541959,0.062196397
1917.49998,0.9331826,0.066846774
1917.58331,0.975297912,0.074562447
1917.66664,1.043598673,0.084565595
1917.74997,1.109893685,0.088107982
1917.8333,1.193774979,0.098579472
1917.91663,1.241013762,0.10375997
1918,1.19913121,0.097738872
1918.08333,1.171679879,0.093488566
1918.16666,1.187233688,0.100700911
1918.24999,1.212973187,0.107698792
1918.33332,1.206008208,0.107471175
1918.41665,1.218240776,0.102288408
1918.49998,1.240643704,0.102209768
1918.58331,1.253898613,0.104467526
1918.66664,1.277996165,0.111769451
1918.74997,1.257697121,0.109557715
1918.8333,1.251357956,0.113687616
1918.91663,1.285678283,0.116018356
1919,1.290584261,0.123781213
1919.08333,1.270112607,0.123120128
1919.16666,1.242214797,0.121172119
1919.24999,1.21784187,0.116565617
1919.33332,1.153450807,0.110755839
1919.41665,1.11739152,0.109326372
1919.49998,1.10458006,0.113979687
1919.58331,1.18041254,0.125926501
1919.66664,1.161833278,0.127564358
1919.74997,1.11902216,0.110851206
1919.8333,1.159015373,0.082557912
1919.91663,1.199901105,0.08897246
1920,1.219739786,0.090868349
1920.08333,1.304301556,0.105441396
1920.16666,1.241882377,0.102319971
1920.24999,1.274967678,0.109157603
1920.33332,1.348998576,0.109430739
1920.41665,1.376328189,0.10041698
1920.49998,1.366428991,0.098367586
1920.58331,1.376320268,0.100961438
1920.66664,1.320057283,0.097331054
1920.74997,1.308685382,0.082455047
1920.8333,1.348698044,0.080116891
1920.91663,1.417388822,0.082638087
1921,1.346704485,0.081291333
1921.08333,1.315861993,0.09015773
1921.16666,1.345006555,0.09533476
1921.24999,1.336057625,0.08561812
1921.33332,1.293427163,0.073276805
1921.41665,1.377826316,0.079191844
1921.49998,1.396263892,0.083487245
1921.58331,1.416671098,0.082478082
1921.66664,1.389924944,0.064804012
1921.74997,1.386742462,0.05002798
1921.8333,1.336361992,0.047068297
1921.91663,1.306843829,0.023883275
1922,1.291446106,0.023506255
1922.08333,1.280925845,0.020578004
1922.16666,1.226695691,0.017251118
1922.24999,1.16047599,-0.015821524
1922.33332,1.115083192,-0.032305449
1922.41665,1.119043594,-0.045251529
1922.49998,1.113766536,-0.040778608
1922.58331,1.057664222,-0.003746206
1922.66664,1.024661329,0.002915403
1922.74997,1.005499066,-0.014065304
1922.8333,1.057854296,-0.010033041
1922.91663,1.060565341,-0.01320967
1923,1.034680201,-0.010742462
1923.08333,0.989108767,-0.027257011
1923.16666,0.973972812,-0.028739316
1923.24999,1.019578397,-0.014837528
1923.33332,1.071775635,0.015377151
1923.41665,1.11858441,0.03501283
1923.49998,1.165906604,0.046168807
1923.58331,1.160836689,0.040623783
1923.66664,1.165303525,0.039061646
1923.74997,1.189044784,0.030312027
1923.8333,1.162926835,0.029752207
1923.91663,1.136342194,0.028359525
1924,1.108471734,0.03069587
1924.08333,1.104743043,0.037193716
1924.16666,1.122011937,0.033691169
1924.24999,1.142012604,0.037478961
1924.33332,1.149516185,0.02694902
1924.41665,1.135706864,0.026153614
1924.49998,1.098040452,0.016661339
1924.58331,1.063306923,0.009300229
1924.66664,1.084555549,0.007659196
1924.74997,1.105920932,0.009660231
1924.8333,1.056705762,0.006990116
1924.91663,1.015671937,0.002250744
1925,0.978240606,-0.001835755
1925.08333,0.969064068,-0.005685123
1925.16666,1.003702189,-0.009420777
1925.24999,1.013121067,-0.001091121
1925.33332,0.989705867,0.003325073
1925.41665,0.987786734,0.005282242
1925.49998,0.974227095,0.00772422
1925.58331,0.964570151,0.012899347
1925.66664,0.942798992,0.012760937
1925.74997,0.913973419,0.012120731
1925.8333,0.903601581,0.018003447
1925.91663,0.882698811,0.016444222
1926,0.87120743,0.020275229
1926.08333,0.869521656,0.02590673
1926.16666,0.939265134,0.035214469
1926.24999,0.976890354,0.038342803
1926.33332,0.965270914,0.032369866
1926.41665,0.916690812,0.032079031
1926.49998,0.86702925,0.033897286
1926.58331,0.824625824,0.032274762
1926.66664,0.81732361,0.03209912
1926.74997,0.846683049,0.03966613
1926.8333,0.840246778,0.041226113
1926.91663,0.815676462,0.037542905
1927,0.810798475,0.041491168
1927.08333,0.786926133,0.042361838
1927.16666,0.758001485,0.040612915
1927.24999,0.725740623,0.03195595
1927.33332,0.691149178,0.023958804
1927.41665,0.683181008,0.01884603
1927.49998,0.637924417,0.022424537
1927.58331,0.574255426,0.018339643
1927.66664,0.52187646,-0.002381321
1927.74997,0.537713895,-0.016431298
1927.8333,0.504629857,-0.027706011
1927.91663,0.476351736,-0.031437074
1928,0.467809239,-0.029041753
1928.08333,0.464624523,-0.030306628
1928.16666,0.403482076,-0.042372336
1928.24999,0.330467104,-0.052596998
1928.33332,0.298109584,-0.054698184
1928.41665,0.335302121,-0.047311335
1928.49998,0.321373991,-0.030021739
1928.58331,0.283828175,-0.032839756
1928.66664,0.219774234,-0.044291915
1928.74997,0.189155253,-0.03588419
1928.8333,0.120207973,-0.042593607
1928.91663,0.104605245,-0.046026663
1929,0.031011938,-0.054848965
1929.08333,0.023596214,-0.05585404
1929.16666,0.011894459,-0.057440202
1929.24999,0.021494357,-0.070024033
1929.33332,0.025276783,-0.067613828
1929.41665,0.022347864,-0.067384673
1929.49998,-0.03784573,-0.073131938
1929.58331,-0.079653709,-0.079907167
1929.66664,-0.107554906,-0.073321379
1929.74997,0.018424697,-0.060878371
1929.8333,0.337672356,-0.031761882
1929.91663,0.307702483,-0.037864943
1930,0.300170395,-0.039570006
1930.08333,0.248807573,-0.046312581
1930.16666,0.211942765,-0.050668088
1930.24999,0.159324039,-0.055904967
1930.33332,0.220359929,-0.064572322
1930.41665,0.323106162,-0.062812799
1930.49998,0.33784618,-0.057402916
1930.58331,0.34649833,-0.053963718
1930.66664,0.357355175,-0.049733282
1930.74997,0.503234509,-0.03408101
1930.8333,0.572520193,-0.024389125
1930.91663,0.625866173,-0.021809909
1931,0.583192036,-0.0246538
1931.08333,0.499978006,-0.038150625
1931.16666,0.468171708,-0.039023025
1931.24999,0.555857858,-0.031781467
1931.33332,0.641162125,-0.023558408
1931.41665,0.654753733,-0.016603443
1931.49998,0.616008377,-0.014619162
1931.58331,0.640837503,-0.011725576
1931.66664,0.790037007,0.004855603
1931.74997,0.921165092,0.015209865
1931.8333,0.888870136,0.00938616
1931.91663,1.087607069,0.023496398
1932,1.079353927,0.027135609
1932.08333,1.067951182,0.025018928
1932.16666,1.068670065,0.01934978
1932.24999,1.346004988,0.042606132
1932.33332,1.472283715,0.056807668
1932.41665,1.618014587,0.075964491
1932.49998,1.579141518,0.074671412
1932.58331,1.177113435,0.033693011
1932.66664,1.085609196,0.025808986
1932.74997,1.234899475,0.047979653
1932.8333,1.246045581,0.050774245
1932.91663,1.278832854,0.054824386
1933,1.232434009,0.056979252
1933.08333,1.350259487,0.075403552
1933.16666,1.351224559,0.079158113
1933.24999,1.251707526,0.0724546
1933.33332,1.003074862,0.05116396
1933.41665,0.853902959,0.03735515
1933.49998,0.811649225,0.031905455
1933.58331,0.873949891,0.032245318
1933.66664,0.883242878,0.035479221
1933.74997,0.988700147,0.044965519
1933.8333,0.965698962,0.038130873
1933.91663,0.94979581,0.037729604
1934,0.893692995,0.035645961
1934.08333,0.833292396,0.028157479
1934.16666,0.893001543,0.036396854
1934.24999,0.879322554,0.033297491
1934.33332,0.993517408,0.046035857
1934.41665,0.994444184,0.049576561
1934.49998,1.050245071,0.057216923
1934.58331,1.096793943,0.059947867
1934.66664,1.140487963,0.060954504
1934.74997,1.132613845,0.062805422
1934.8333,1.112868426,0.059482968
1934.91663,1.103403749,0.061203557
1935,1.126086266,0.064333528
1935.08333,1.173084789,0.070685165
1935.16666,1.240913452,0.077057368
1935.24999,1.179377757,0.072313256
1935.33332,1.105866537,0.068479633
1935.41665,1.06828873,0.066587883
1935.49998,1.020651747,0.059375081
1935.58331,0.95765454,0.053249735
1935.66664,0.939605419,0.057725144
1935.74997,0.915266257,0.059230996
1935.8333,0.838672499,0.053541076
1935.91663,0.84055266,0.055198606
1936,0.788350566,0.053784857
1936.08333,0.734698608,0.048549739
1936.16666,0.704228351,0.043579175
1936.24999,0.701018075,0.049665655
1936.33332,0.750458547,0.05545889
1936.41665,0.715037025,0.050684425
1936.49998,0.663634981,0.042181593
1936.58331,0.650294609,0.038222884
1936.66664,0.634384055,0.021339893
1936.74997,0.5828642,0.014084467
1936.8333,0.555038778,0.011141232
1936.91663,0.572397882,0.015838074
1937,0.545734579,0.013478291
1937.08333,0.517460922,0.014709109
1937.16666,0.530232729,0.010945064
1937.24999,0.603496623,0.013674359
1937.33332,0.661735727,0.016677777
1937.41665,0.705333129,0.024208723
1937.49998,0.660109001,0.024777203
1937.58331,0.655809008,0.021976322
1937.66664,0.821469308,0.034875282
1937.74997,0.985212177,0.053245616
1937.8333,1.076330384,0.061418662
1937.91663,1.091662495,0.061502888
1938,1.057834135,0.05772317
1938.08333,1.080410943,0.055088076
1938.16666,1.156923838,0.063204547
1938.24999,1.209699169,0.074673812
1938.33332,1.200814464,0.078417618
1938.41665,1.184101552,0.080018297
1938.49998,1.004313529,0.059499477
1938.58331,1.003647623,0.055933377
1938.66664,1.05431219,0.059429468
1938.74997,0.94094722,0.051671538
1938.8333,0.943623389,0.046064279
1938.91663,0.976401736,0.048494231
1939,0.990798784,0.051371994
1939.08333,0.995398876,0.048538567
1939.16666,0.995185141,0.049843853
1939.24999,1.121692602,0.063492479
1939.33332,1.089454351,0.059383822
1939.41665,1.071270505,0.052285748
1939.49998,1.046370944,0.055739453
1939.58331,1.060599998,0.061072218
1939.66664,0.985064877,0.052524017
1939.74997,0.967236718,0.054326811
1939.8333,0.984837274,0.057844593
1939.91663,1.01323124,0.063108615
1940,1.011601912,0.065933108
1940.08333,1.025932622,0.06899666
1940.16666,1.038110969,0.070848535
1940.24999,1.034992627,0.073194719
1940.33332,1.195356696,0.091686605
1940.41665,1.301188799,0.102598896
1940.49998,1.27021945,0.092168814
1940.58331,1.259062771,0.09639072
1940.66664,1.228518261,0.09608837
1940.74997,1.229865136,0.099562112
1940.8333,1.218315166,0.097528905
1940.91663,1.284427541,0.101687787
1941,1.295247803,0.10898322
1941.08333,1.372391456,0.118773492
1941.16666,1.355167856,0.116076005
1941.24999,1.372107473,0.120247717
1941.33332,1.384567852,0.122162563
1941.41665,1.355602221,0.116677656
1941.49998,1.290315314,0.113069241
1941.58331,1.294189312,0.117449098
1941.66664,1.286268047,0.119380241
1941.74997,1.327338896,0.122608656
1941.8333,1.369622119,0.124119203
1941.91663,1.426524864,0.133443074
1942,1.408867222,0.134338654
1942.08333,1.434946935,0.135576346
1942.16666,1.507784259,0.141270175
1942.24999,1.560247828,0.145140396
1942.33332,1.563766893,0.143810543
1942.41665,1.517834595,0.141478731
1942.49998,1.491254957,0.140650863
1942.58331,1.506673764,0.141456543
1942.66664,1.494877843,0.13875451
1942.74997,1.439188937,0.129524066
1942.8333,1.432958387,0.131139378
1942.91663,1.437107771,0.134557141
1943,1.38347833,0.129297048
1943.08333,1.329774151,0.121998392
1943.16666,1.316786955,0.118729945
1943.24999,1.299426994,0.110928516
1943.33332,1.270853622,0.109509632
1943.41665,1.25686738,0.104657361
1943.49998,1.235398114,0.102534161
1943.58331,1.284145798,0.108119647
1943.66664,1.268575328,0.100684243
1943.74997,1.281891103,0.10281069
1943.8333,1.333231433,0.109938484
1943.91663,1.322936537,0.10920952
1944,1.294481198,0.10762413
1944.08333,1.30357217,0.110509342
1944.16666,1.283254135,0.109083772
1944.24999,1.312583039,0.114147746
1944.33332,1.302137053,0.117101182
1944.41665,1.268219812,0.113483304
1944.49998,1.254277114,0.114259523
1944.58331,1.275583385,0.118224771
1944.66664,1.293948571,0.122428491
1944.74997,1.276263966,0.122788676
1944.8333,1.289095058,0.127807739
1944.91663,1.279429378,0.1304174
1945,1.25650195,0.130182319
1945.08333,1.229434212,0.130569555
1945.16666,1.235284609,0.130229087
1945.24999,1.21894432,0.131770842
1945.33332,1.191280362,0.127842887
1945.41665,1.193022973,0.131865841
1945.49998,1.217362041,0.14210919
1945.58331,1.222218245,0.141740255
1945.66664,1.160721762,0.139629611
1945.74997,1.12909727,0.12972508
1945.8333,1.105168735,0.133130599
1945.91663,1.098280344,0.133075635
1946,1.068160681,0.12596446
1946.08333,1.063793558,0.125754041
1946.16666,1.104589114,0.136312319
1946.24999,1.041627223,0.133043192
1946.33332,1.043499299,0.128550265
1946.41665,1.054068269,0.127963066
1946.49998,1.137339604,0.136914455
1946.58331,1.170035253,0.140050658
1946.66664,1.336179361,0.152726291
1946.74997,1.370432823,0.153229613
1946.8333,1.395322997,0.153600945
1946.91663,1.367716012,0.152782436
1947,1.358959389,0.148712939
1947.08333,1.313508691,0.139179858
1947.16666,1.361472976,0.144938
1947.24999,1.392231954,0.15121525
1947.33332,1.399217506,0.157473366
1947.41665,1.36278098,0.156929461
1947.49998,1.299713077,0.153510973
1947.58331,1.32241856,0.149519187
1947.66664,1.364188506,0.147513133
1947.74997,1.328425533,0.138645725
1947.8333,1.337801384,0.135226409
1947.91663,1.357170605,0.132277611
1948,1.377675609,0.13419787
1948.08333,1.410587054,0.139143197
1948.16666,1.395872081,0.139075261
1948.24999,1.34371008,0.131287903
1948.33332,1.306064594,0.129981981
1948.41665,1.280421976,0.128666856
1948.49998,1.324232655,0.135663336
1948.58331,1.365958543,0.145121374
1948.66664,1.390382707,0.150512128
1948.74997,1.368434797,0.15193971
1948.8333,1.427741551,0.159924854
1948.91663,1.440843476,0.163177445
1949,1.436325295,0.166991863
1949.08333,1.478422808,0.168477264
1949.16666,1.475387904,0.169872278
1949.24999,1.487583177,0.17229135
1949.33332,1.496828236,0.175602635
1949.41665,1.562950397,0.180107288
1949.49998,1.505118438,0.178395918
1949.58331,1.476131545,0.174058716
1949.66664,1.473090489,0.170236201
1949.74997,1.44416079,0.165949781
1949.8333,1.439256416,0.164506894
1949.91663,1.409374674,0.16580079
1950,1.388697246,0.161748564
1950.08333,1.3739232,0.1534074
1950.16666,1.365339457,0.148705123
1950.24999,1.332382099,0.146856213
1950.33332,1.299206987,0.142617469
1950.41665,1.283016012,0.14245748
1950.49998,1.366225103,0.144867709
1950.58331,1.311647106,0.138725009
1950.66664,1.272615737,0.131656362
1950.74997,1.236723295,0.125808181
1950.8333,1.239068172,0.128950413
1950.91663,1.251263593,0.130390665
1951,1.192538427,0.12768794
1951.08333,1.164758501,0.127069886
1951.16666,1.185897158,0.131016512
1951.24999,1.172781032,0.132132395
1951.33332,1.176487347,0.132004748
1951.41665,1.193092213,0.133287318
1951.49998,1.17559269,0.131142599
1951.58331,1.135653938,0.130844736
1951.66664,1.117269252,0.126526861
1951.74997,1.123979329,0.127149843
1951.8333,1.158282678,0.134062542
1951.91663,1.129514893,0.13245125
1952,1.094965945,0.125100741
1952.08333,1.104887939,0.127809522
1952.16666,1.10116354,0.126316701
1952.24999,1.107209136,0.122119885
1952.33332,1.103102354,0.114271451
1952.41665,1.079147954,0.099106023
1952.49998,1.057975271,0.099019938
1952.58331,1.049913557,0.100690288
1952.66664,1.06620996,0.101024899
1952.74997,1.087037535,0.09916141
1952.8333,1.05580283,0.102166557
1952.91663,1.01243551,0.101611735
1953,1.002715009,0.104275206
1953.08333,1.010771756,0.107544007
1953.16666,1.02376459,0.106730254
1953.24999,1.088170989,0.115878348
1953.33332,1.068387689,0.114823248
1953.41665,1.037300844,0.118102961
1953.49998,1.006694219,0.116672595
1953.58331,1.068870979,0.118342216
1953.66664,1.112822781,0.126631696
1953.74997,1.118122379,0.125616202
1953.8333,1.172396621,0.122425684
1953.91663,1.155500151,0.123711183
1954,1.16860566,0.125158665
1954.08333,1.193837672,0.123774765
1954.16666,1.181643959,0.12457302
1954.24999,1.184278026,0.122528324
1954.33332,1.188102736,0.118310035
1954.41665,1.150015063,0.116264796
1954.49998,1.111229553,0.116504267
1954.58331,1.130350664,0.112221841
1954.66664,1.082062003,0.111219859
1954.74997,1.055679244,0.109828567
1954.8333,1.001260558,0.105646496
1954.91663,0.937534798,0.099152774
1955,0.912923906,0.098861727
1955.08333,0.846102575,0.095878506
1955.16666,0.844365497,0.096263563
1955.24999,0.804543654,0.09326176
1955.33332,0.788997506,0.094933563
1955.41665,0.735194926,0.084066954
1955.49998,0.667654888,0.075575752
1955.58331,0.637939557,0.077668299
1955.66664,0.580625964,0.076712206
1955.74997,0.639096591,0.085155868
1955.8333,0.611397623,0.079987734
1955.91663,0.602637596,0.079165
1956,0.613626455,0.083839866
1956.08333,0.635199079,0.084562442
1956.16666,0.597640656,0.072785821
1956.24999,0.55625544,0.071620972
1956.33332,0.528358429,0.070396637
1956.41665,0.584271251,0.070785291
1956.49998,0.56951462,0.065763223
1956.58331,0.543629502,0.059630767
1956.66664,0.520754755,0.058612629
1956.74997,0.529675505,0.057889835
1956.8333,0.558952008,0.063550341
1956.91663,0.510359066,0.059049149
1957,0.510412376,0.063923969
1957.08333,0.601363211,0.072963875
1957.16666,0.63288027,0.072558544
1957.24999,0.598397158,0.071640595
1957.33332,0.548735197,0.070556211
1957.41665,0.507032826,0.067192479
1957.49998,0.444632223,0.066786296
1957.58331,0.472100226,0.074783902
1957.66664,0.51787038,0.080358903
1957.74997,0.589363908,0.087381974
1957.8333,0.606092804,0.090212928
1957.91663,0.676242867,0.096622037
1958,0.814955557,0.093839613
1958.08333,0.853780829,0.089155156
1958.16666,0.855983808,0.086932566
1958.24999,0.88063888,0.093303554
1958.33332,0.88572273,0.093483419
1958.41665,0.849829061,0.091904126
1958.49998,0.811228261,0.085105333
1958.58331,0.698602031,0.075531831
1958.66664,0.572839335,0.074408833
1958.74997,0.47376108,0.073261788
1958.8333,0.437544184,0.073004891
1958.91663,0.431915865,0.073455433
1959,0.365242973,0.063816658
1959.08333,0.336939546,0.066272199
1959.16666,0.327504567,0.061949265
1959.24999,0.307399183,0.060096327
1959.33332,0.261328401,0.06119966
1959.41665,0.229167911,0.05811436
1959.49998,0.1881312,0.050092342
1959.58331,0.181234148,0.049487581
1959.66664,0.219754301,0.05506079
1959.74997,0.170389824,0.056778441
1959.8333,0.200195142,0.057175606
1959.91663,0.170211975,0.050683182
1960,0.150653137,0.052068883
1960.08333,0.188307436,0.050300548
1960.16666,0.253189185,0.053871406
1960.24999,0.300058344,0.051279011
1960.33332,0.302825491,0.042788132
1960.41665,0.254672919,0.039441132
1960.49998,0.326741732,0.041316825
1960.58331,0.377431741,0.044047613
1960.66664,0.434018916,0.051671786
1960.74997,0.460164196,0.054378409
1960.8333,0.404762855,0.047093257
1960.91663,0.370907172,0.04864853
1961,0.343550025,0.046099596
1961.08333,0.30322626,0.04523321
1961.16666,0.287746074,0.041810372
1961.24999,0.271530547,0.043022701
1961.33332,0.250155101,0.045191711
1961.41665,0.282040682,0.043995497
1961.49998,0.246130744,0.044524694
1961.58331,0.197417327,0.036958009
1961.66664,0.178308819,0.037071232
1961.74997,0.183182727,0.032628566
1961.8333,0.154420049,0.02228416
1961.91663,0.141130478,0.027810981
1962,0.149986031,0.03552209
1962.08333,0.133348552,0.036824281
1962.16666,0.143667158,0.039719981
1962.24999,0.208331296,0.04539674
1962.33332,0.310533182,0.051200563
1962.41665,0.428752671,0.063177791
1962.49998,0.400217899,0.059000347
1962.58331,0.350186042,0.060539386
1962.66664,0.372026464,0.062204933
1962.74997,0.406087302,0.06521357
1962.8333,0.354527252,0.061813258
1962.91663,0.31645473,0.060454953
1963,0.296472596,0.058140693
1963.08333,0.293430563,0.053522576
1963.16666,0.279491705,0.052474014
1963.24999,0.233326472,0.04513366
1963.33332,0.205491519,0.041672961
1963.41665,0.221976732,0.039076208
1963.49998,0.227147808,0.042649323
1963.58331,0.194927884,0.039804552
1963.66664,0.176259965,0.035859702
1963.74997,0.159802622,0.03691804
1963.8333,0.16064774,0.029402322
1963.91663,0.142891635,0.019768145
1964,0.112811539,0.019418165
1964.08333,0.09396898,0.015166171
1964.16666,0.083321828,0.018554702
1964.24999,0.05538164,0.01369834
1964.33332,0.046346602,0.010197234
1964.41665,0.065498982,0.010697785
1964.49998,0.042629878,-0.003818158
1964.58331,0.0523096,-0.005161281
1964.66664,0.041769318,-0.01805033
1964.74997,0.02550244,-0.018822374
1964.8333,0.027024905,-0.017546421
1964.91663,0.057496706,-0.024564281
1965,0.027693962,-0.018927221
1965.08333,0.021016304,-0.010819774
1965.16666,0.021402406,-0.004219721
1965.24999,0.01411718,-0.001112953
1965.33332,0.004188761,0.002128435
1965.41665,0.059093108,0.007940557
1965.49998,0.06312086,0.009402315
1965.58331,0.049043196,0.001608998
1965.66664,0.006798055,-0.00323747
1965.74997,-0.019961438,-0.003581309
1965.8333,-0.040138561,-0.004332988
1965.91663,-0.052786928,-0.007278402
1966,-0.10577523,-0.002067841
1966.08333,-0.088532719,0.000817346
1966.16666,-0.088068568,0.004598419
1966.24999,-0.118189175,0.00196464
1966.33332,-0.037175354,0.008577327
1966.41665,-0.030110107,0.009279253
1966.49998,-0.027982804,0.009810407
1966.58331,0.000518134,0.013019057
1966.66664,-0.000151988,0.01758179
1966.74997,0.024913787,0.01486414
1966.8333,0.01260815,0.007139778
1966.91663,-0.018413428,0.00950286
1967,0.011251056,0.009172711
1967.08333,0.03562096,0.003757563
1967.16666,0.007354982,0.002070335
1967.24999,0.015391849,-0.002353531
1967.33332,-0.007476978,-0.005970575
1967.41665,-0.044184336,-0.00684859
1967.49998,-0.090169718,-0.008460762
1967.58331,-0.128171554,-0.013004885
1967.66664,-0.159748696,-0.016565186
1967.74997,-0.156755855,-0.019173394
1967.8333,-0.152762288,-0.017057078
1967.91663,-0.223643426,-0.019224857
1968,-0.203813932,-0.019713156
1968.08333,-0.121532442,-0.016290596
1968.16666,-0.102654056,-0.015935677
1968.24999,-0.200056689,-0.017304441
1968.33332,-0.198795119,-0.015060348
1968.41665,-0.255726901,-0.015648634
1968.49998,-0.218412377,-0.013155151
1968.58331,-0.150744887,-0.005284781
1968.66664,-0.161315806,-0.008810708
1968.74997,-0.183321057,-0.014000839
1968.8333,-0.214110879,-0.021400196
1968.91663,-0.238985404,-0.022185256
1969,-0.245106197,-0.013753895
1969.08333,-0.232982985,-0.015923439
1969.16666,-0.223447505,-0.012584012
1969.24999,-0.252383856,-0.011329661
1969.33332,-0.257621497,-0.017583199
1969.41665,-0.219675143,-0.014306854
1969.49998,-0.204797079,-0.009602887
1969.58331,-0.21389774,-0.00387686
1969.66664,-0.207794353,-0.004578142
1969.74997,-0.278404165,-0.003004044
1969.8333,-0.269446816,-0.00273757
1969.91663,-0.212981694,0.001347621
1970,-0.268028959,0.006493915
1970.08333,-0.243121065,0.026947678
1970.16666,-0.179627932,0.018424218
1970.24999,-0.115120828,0.010223805
1970.33332,-0.032585286,0.0155465
1970.41665,-0.087626188,0.020292535
1970.49998,-0.073651868,0.029949899
1970.58331,-0.050560026,0.034609803
1970.66664,-0.111051094,0.034349606
1970.74997,-0.106999771,0.036629123
1970.8333,-0.09151663,0.049246044
1970.91663,-0.08204808,0.044692866
1971,-0.050497278,0.03976615
1971.08333,-0.060786491,0.036424183
1971.16666,-0.061226793,0.039763528
1971.24999,-0.021213396,0.038887367
1971.33332,-0.023470403,0.035823089
1971.41665,-0.087472271,0.033435203
1971.49998,-0.096425921,0.034079314
1971.58331,-0.105976726,0.040256872
1971.66664,-0.103808512,0.033539368
1971.74997,-0.008763488,0.037100277
1971.8333,0.075314238,0.035743114
1971.91663,0.03618692,0.030261514
1972,-0.023245713,0.024785671
1972.08333,-0.038133584,0.01832753
1972.16666,-0.079594607,0.009423802
1972.24999,-0.084105827,0.0120527
1972.33332,-0.089067096,0.011912374
1972.41665,-0.078193615,0.009106749
1972.49998,-0.061226793,0.007392707
1972.58331,-0.091789444,-0.001590087
1972.66664,-0.089457632,0.004096873
1972.74997,-0.138208563,0.004114972
1972.8333,-0.172634791,0.002344141
1972.91663,-0.158045941,0.00042318
1973,-0.173916332,0.001750839
1973.08333,-0.144701029,0.007189788
1973.16666,-0.144986531,0.010255572
1973.24999,-0.128106454,0.015332368
1973.33332,-0.084228091,0.020563875
1973.41665,-0.079721118,0.02650588
1973.49998,-0.092041206,0.027198979
1973.58331,-0.085685832,0.026904449
1973.66664,-0.135858682,0.028839414
1973.74997,-0.120462997,0.026447344
1973.8333,0.005278909,0.033308874
1973.91663,0.096646372,0.04056303
1974,0.092200819,0.037348854
1974.08333,0.098821939,0.03541639
1974.16666,0.076475079,0.031958182
1974.24999,0.099980569,0.036637313
1974.33332,0.10402807,0.042500027
1974.41665,0.103959276,0.040790324
1974.49998,0.244104199,0.048534337
1974.58331,0.2653441,0.055732316
1974.66664,0.359719574,0.066208627
1974.74997,0.352830913,0.062028713
1974.8333,0.346653894,0.057441489
1974.91663,0.45150067,0.064011431
1975,0.411348381,0.05882201
1975.08333,0.311974765,0.055386431
1975.16666,0.286584009,0.049398299
1975.24999,0.234736743,0.042773646
1975.33332,0.115987898,0.036471263
1975.41665,0.119452679,0.033090747
1975.49998,0.15462079,0.034264838
1975.58331,0.206711795,0.037328526
1975.66664,0.182385559,0.03617292
1975.74997,0.138321131,0.033779297
1975.8333,0.162735424,0.035599155
1975.91663,0.192220389,0.038893864
1976,0.110708122,0.031731007
1976.08333,0.108625841,0.029584557
1976.16666,0.09874136,0.029070654
1976.24999,0.101327548,0.028567941
1976.33332,0.137346662,0.029972566
1976.41665,0.092488165,0.033058035
1976.49998,0.078679637,0.025409625
1976.58331,0.096202578,0.027773737
1976.66664,0.085953391,0.026096466
1976.74997,0.149120851,0.030271082
1976.8333,0.181971618,0.033694893
1976.91663,0.167661542,0.033626475
1977,0.240890094,0.038001159
1977.08333,0.230897284,0.046608091
1977.16666,0.216279662,0.050474085
1977.24999,0.230994288,0.056758937
1977.33332,0.25162662,0.060127805
1977.41665,0.241386446,0.063405296
1977.49998,0.262019524,0.065098537
1977.58331,0.283967646,0.074913072
1977.66664,0.294129479,0.077577716
1977.74997,0.332514877,0.066403401
1977.8333,0.308287582,0.047551484
1977.91663,0.309595085,0.046272739
1978,0.341707517,0.049879531
1978.08333,0.327976428,0.050590143
1978.16666,0.330332126,0.054486878
1978.24999,0.295037054,0.050420275
1978.33332,0.242269033,0.043869509
1978.41665,0.226367493,0.047148091
1978.49998,0.225924916,0.046585518
1978.58331,0.144184508,0.04053003
1978.66664,0.179181691,0.040122244
1978.74997,0.22011564,0.044015165
1978.8333,0.259351208,0.047480161
1978.91663,0.230947674,0.047533878
1979,0.181131066,0.046172929
1979.08333,0.199671195,0.050994351
1979.16666,0.191923508,0.049593944
1979.24999,0.183134687,0.049151942
1979.33332,0.21452827,0.05260335
1979.41665,0.200129175,0.051977941
1979.49998,0.23984093,0.051392284
1979.58331,0.201950959,0.051246652
1979.66664,0.195245107,0.048861658
1979.74997,0.210913642,0.045371276
1979.8333,0.13060995,0.04098832
1979.91663,0.070556593,0.040957683
1980,0.083908922,0.035690144
1980.08333,0.022859294,0.021365501
1980.16666,-0.002724286,0.032440696
1980.24999,0.00040008,0.042572606
1980.33332,0.073571193,0.049028753
1980.41665,0.143503232,0.046254682
1980.49998,0.141029145,0.038708858
1980.58331,0.072920216,0.023931182
1980.66664,-0.020978406,0.015395534
1980.74997,-0.074491327,0.007508829
1980.8333,-0.12564097,-0.001231867
1980.91663,-0.174501056,0.001847389
1981,-0.173099161,0.003142245
1981.08333,-0.104297851,0.012587178
1981.16666,-0.180362973,0.01407997
1981.24999,-0.176142506,0.011950689
1981.33332,-0.187786596,0.011840667
1981.41665,-0.212341418,0.016513059
1981.49998,-0.129461246,0.015397398
1981.58331,-0.181921477,0.011872696
1981.66664,-0.124385193,0.017198504
1981.74997,-0.158694626,0.016297192
1981.8333,-0.16823531,0.022142632
1981.91663,-0.047300484,0.018334512
1982,-0.013812171,0.025921435
1982.08333,-0.04646556,0.030834997
1982.16666,-0.002880846,0.037487795
1982.24999,-0.006216637,0.032462676
1982.33332,0.00275078,0.03514382
1982.41665,0.093017011,0.03524293
1982.49998,0.051798685,0.036335239
1982.58331,0.076578714,0.039977595
1982.66664,0.034136062,0.032166737
1982.74997,0.012882626,0.032280564
1982.8333,0.093228847,0.035082335
1982.91663,0.112513817,0.036601303
1983,0.079796738,0.032466969
1983.08333,0.070437486,0.028372857
1983.16666,0.010599982,0.026279242
1983.24999,-0.001601717,0.021768614
1983.33332,-0.026135474,0.019152866
1983.41665,-0.037295785,0.015206077
1983.49998,-0.082579487,0.010719953
1983.58331,-0.101901139,0.011670232
1983.66664,-0.167740772,0.008992783
1983.74997,-0.152721087,0.010488568
1983.8333,-0.12812053,0.014228963
1983.91663,-0.137984712,0.015289071
1984,-0.156992638,0.016694509
1984.08333,-0.084013889,0.023000826
1984.16666,-0.099548458,0.02261679
1984.24999,-0.137142863,0.020957441
1984.33332,-0.153363799,0.019927987
1984.41665,-0.189165583,0.022031576
1984.49998,-0.184628893,0.025396657
1984.58331,-0.250939247,0.023142574
1984.66664,-0.209099798,0.025621257
1984.74997,-0.183920278,0.029914398
1984.8333,-0.164076116,0.033379758
1984.91663,-0.105008454,0.032806257
1985,-0.139761942,0.031421326
1985.08333,-0.177109665,0.026967251
1985.16666,-0.176963059,0.026420475
1985.24999,-0.209807014,0.030419507
1985.33332,-0.192868244,0.031718218
1985.41665,-0.159466526,0.033529739
1985.49998,-0.111183529,0.035000137
1985.58331,-0.101919201,0.039097735
1985.66664,-0.078396122,0.042624053
1985.74997,-0.089872696,0.042001982
1985.8333,-0.133467391,0.04045349
1985.91663,-0.133903074,0.040557024
1986,-0.081830647,0.040252939
1986.08333,-0.129835446,0.045066867
1986.16666,-0.137611806,0.048547919
1986.24999,-0.0527727,0.051172951
1986.33332,0.010171555,0.051892796
1986.41665,-0.068517158,0.050751142
1986.49998,-0.060492848,0.052227495
1986.58331,-0.013873319,0.0523092
1986.66664,0.034799541,0.056250386
1986.74997,-0.000534857,0.058434443
1986.8333,-0.030083907,0.058829435
1986.91663,-0.021296609,0.060112783
1987,-0.059034653,0.059159664
1987.08333,-0.113378684,0.054871261
1987.16666,-0.174940215,0.051972415
1987.24999,-0.160842525,0.045528115
1987.33332,-0.259307289,0.049056386
1987.41665,-0.370917141,0.049813842
1987.49998,-0.374345889,0.050193882
1987.58331,-0.437535317,0.043014602
1987.66664,-0.437459776,0.042566459
1987.74997,-0.38043854,0.055129561
1987.8333,-0.257558891,0.070451403
1987.91663,-0.170884738,0.073277722
1988,-0.222831503,0.069665863
1988.08333,-0.214958142,0.076087588
1988.16666,-0.18598733,0.077833489
1988.24999,-0.188793071,0.079913372
1988.33332,-0.201646946,0.079829641
1988.41665,-0.294602819,0.074363763
1988.49998,-0.264831986,0.078114403
1988.58331,-0.25475384,0.070726199
1988.66664,-0.285676563,0.061853177
1988.74997,-0.285132325,0.05871583
1988.8333,-0.24027595,0.072839969
1988.91663,-0.275447535,0.072451972
1989,-0.318234798,0.075039436
1989.08333,-0.340907387,0.073750557
1989.16666,-0.338619929,0.077691183
1989.24999,-0.384298671,0.079441683
1989.33332,-0.396250786,0.080423222
1989.41665,-0.388186014,0.083210925
1989.49998,-0.342474189,0.085978894
1989.58331,-0.352026356,0.078236834
1989.66664,-0.362057134,0.076675501
1989.74997,-0.367912762,0.077893309
1989.8333,-0.32275284,0.087096283
1989.91663,-0.32862366,0.089349928
1990,-0.290218852,0.091849633
1990.08333,-0.304148995,0.089299252
1990.16666,-0.354523331,0.087989881
1990.24999,-0.367402497,0.086122853
1990.33332,-0.424339854,0.083182943
1990.41665,-0.445347141,0.082727379
1990.49998,-0.40892578,0.083295297
1990.58331,-0.314517996,0.089158677
1990.66664,-0.291736343,0.091615535
1990.74997,-0.275734483,0.089505398
1990.8333,-0.281086369,0.088034221
1990.91663,-0.285039835,0.078913509
1991,-0.230895031,0.079538928
1991.08333,-0.339627254,0.067784348
1991.16666,-0.335664768,0.05212032
1991.24999,-0.387149055,0.052996777
1991.33332,-0.371295934,0.061773245
1991.41665,-0.373910455,0.056988902
1991.49998,-0.404584721,0.053518769
1991.58331,-0.42577545,0.049452991
1991.66664,-0.371866959,0.037894578
1991.74997,-0.339165036,0.040651317
1991.8333,-0.320079318,0.047189343
1991.91663,-0.313531089,0.053659128
1992,-0.337680792,0.046458713
1992.08333,-0.319525157,0.040641823
1992.16666,-0.347236946,0.04815939
1992.24999,-0.375157092,0.04437871
1992.33332,-0.385648721,0.039891132
1992.41665,-0.355580645,0.034440285
1992.49998,-0.353759097,0.022108493
1992.58331,-0.299250895,0.021186025
1992.66664,-0.261509284,0.014215619
1992.74997,-0.217973409,0.01358062
1992.8333,-0.267579105,0.016384537
1992.91663,-0.339976803,0.012899942
1993,-0.318936524,0.014127337
1993.08333,-0.304273668,0.007223309
1993.16666,-0.266363947,0.007895358
1993.24999,-0.201722142,0.015871325
1993.33332,-0.202976762,0.016801222
1993.41665,-0.219010221,0.020288977
1993.49998,-0.203247736,0.027556419
1993.58331,-0.189844025,0.030552493
1993.66664,-0.175827181,0.033388163
1993.74997,-0.123540651,0.034637426
1993.8333,-0.11460644,0.033046188
1993.91663,-0.190911226,0.034684229
1994,-0.211359997,0.037091499
1994.08333,-0.200857042,0.036180821
1994.16666,-0.217970997,0.030431203
1994.24999,-0.261779478,0.035731989
1994.33332,-0.341632471,0.033755457
1994.41665,-0.376257351,0.036306211
1994.49998,-0.354150761,0.031557623
1994.58331,-0.404591393,0.026026428
1994.66664,-0.398284724,0.02547209
1994.74997,-0.419429813,0.024126952
1994.8333,-0.447409033,0.028756392
1994.91663,-0.459223861,0.034046688
1995,-0.456906991,0.03067948
1995.08333,-0.481339139,0.030595213
1995.16666,-0.457364719,0.032584812
1995.24999,-0.443454294,0.026910445
1995.33332,-0.448916602,0.02659564
1995.41665,-0.409680212,0.028000918
1995.49998,-0.3659818,0.027135723
1995.58331,-0.379794417,0.026223328
1995.66664,-0.440643045,0.024645083
1995.74997,-0.394512008,0.024487857
1995.8333,-0.385765675,0.027532689
1995.91663,-0.394929132,0.027588575
1996,-0.346278285,0.029035013
1996.08333,-0.383427385,0.023374914
1996.16666,-0.398173925,0.02293068
1996.24999,-0.466142434,0.024020825
1996.33332,-0.518931284,0.020302694
1996.41665,-0.559446631,0.015214352
1996.49998,-0.541059538,0.019744684
1996.58331,-0.557136718,0.019138684
1996.66664,-0.533654256,0.017179903
1996.74997,-0.592544219,0.019074479
1996.8333,-0.58832763,0.017633299
1996.91663,-0.54153328,0.017654654
1997,-0.579300761,0.014827338
1997.08333,-0.655085955,0.013125075
1997.16666,-0.614623319,0.0081879
1997.24999,-0.612534561,0.015520877
1997.33332,-0.723762221,0.011959853
1997.41665,-0.740448141,0.011557644
1997.49998,-0.754300604,0.007844302
1997.58331,-0.706298324,0.000169548
1997.66664,-0.721530535,0.00162197
1997.74997,-0.714463368,0.004467519
1997.8333,-0.667572416,-0.001080776
1997.91663,-0.663802815,-0.002193667
1998,-0.646666497,-0.010055339
1998.08333,-0.653852145,-0.017916122
1998.16666,-0.703767089,-0.028094091
1998.24999,-0.744674073,-0.025712691
1998.33332,-0.734279527,-0.021149864
1998.41665,-0.731983204,-0.022549912
1998.49998,-0.74398287,-0.033501788
1998.58331,-0.659555236,-0.024134398
1998.66664,-0.582496027,-0.021551822
1998.74997,-0.485099733,-0.042130015
1998.8333,-0.526419997,-0.066135602
1998.91663,-0.628611859,-0.078187632
1999,-0.632573057,-0.083784502
1999.08333,-0.645468399,-0.089617525
1999.16666,-0.726340148,-0.100379278
1999.24999,-0.803440012,-0.091400207
1999.33332,-0.790314725,-0.084350344
1999.41665,-0.84877049,-0.079829472
1999.49998,-0.950100679,-0.083306042
1999.58331,-0.886963667,-0.072334172
1999.66664,-0.897885592,-0.069381286
1999.74997,-0.875702043,-0.067004911
1999.8333,-0.970828537,-0.070906202
1999.91663,-0.980075344,-0.071511644
2000,-1.011148446,-0.071421054
2000.08333,-1.032895474,-0.070942832
2000.16666,-1.036007541,-0.066604398
2000.24999,-1.002460355,-0.060855768
2000.33332,-0.92163801,-0.07068027
2000.41665,-1.013429058,-0.076532878
2000.49998,-0.958487781,-0.078537778
2000.58331,-0.953060367,-0.079386881
2000.66664,-0.892893949,-0.074939484
2000.74997,-0.825691837,-0.065358049
2000.8333,-0.800193674,-0.059800355
2000.91663,-0.756987333,-0.044396797
2001,-0.661528538,-0.039840057
2001.08333,-0.614551925,-0.032392005
2001.16666,-0.499756587,-0.023659086
2001.24999,-0.453056459,-0.023390587
2001.33332,-0.560300125,-0.03349281
2001.41665,-0.578001726,-0.035226551
2001.49998,-0.529479356,-0.028984991
2001.58331,-0.497959205,-0.041631689
2001.66664,-0.318598448,-0.031239183
2001.74997,-0.301462189,-0.02840214
2001.8333,-0.315873678,-0.033254335
2001.91663,-0.349423717,-0.036657631
2002,-0.432595073,-0.031138437
2002.08333,-0.382630369,-0.022396535
2002.16666,-0.396921381,-0.025208049
2002.24999,-0.42639651,-0.021945377
2002.33332,-0.382246292,-0.023815925
2002.41665,-0.308751544,-0.018459474
2002.49998,-0.145465645,-0.002575204
2002.58331,-0.092519927,0.004321225
2002.66664,0.048627377,0.015873926
2002.74997,0.162693062,0.016911853
2002.8333,0.083392479,0.005999797
2002.91663,0.066620687,0.010188027
2003,0.080266899,0.016340539
2003.08333,0.151980536,0.027293279
2003.16666,0.185017187,0.029391095
2003.24999,0.157141648,0.022817873
2003.33332,0.068103267,0.027004575
2003.41665,0.120551991,0.02576839
2003.49998,0.188535624,0.02551036
2003.58331,0.019517228,0.023637069
2003.66664,-0.116163948,0.023880391
2003.74997,-0.09215612,0.022295391
2003.8333,-0.107288157,0.025802418
2003.91663,-0.135858682,0.026213779
2004,-0.166430967,0.023089678
2004.08333,-0.137563876,0.021261712
2004.16666,-0.092681273,0.027743097
2004.24999,-0.029820904,0.022758053
2004.33332,-0.119248628,0.02277947
2004.41665,-0.220002624,0.023554343
2004.49998,-0.195246008,0.028757452
2004.58331,-0.12456002,0.030583753
2004.66664,-0.094105818,0.031915254
2004.74997,-0.048250018,0.027498293
2004.8333,-0.081828804,0.028070988
2004.91663,-0.128539202,0.024788002
2005,-0.117567012,0.022351502
2005.08333,-0.120825514,0.024964097
2005.16666,-0.093834546,0.023349484
2005.24999,-0.134050008,0.027147813
2005.33332,-0.107247734,0.031006534
2005.41665,-0.07631083,0.03111341
2005.49998,-0.050312814,0.027570419
2005.58331,-0.087076375,0.022997022
2005.66664,-0.091756601,0.01875708
2005.74997,-0.043978607,0.022842587
2005.8333,-0.14537918,0.023180889
2005.91663,-0.180429768,0.020433409
2006,-0.168230239,0.011594918
2006.08333,-0.148635499,0.007299512
2006.16666,-0.185051992,0.012035978
2006.24999,-0.210487804,0.011439168
2006.33332,-0.246809295,0.011259549
2006.41665,-0.234854707,0.013797883
2006.49998,-0.232832462,0.015486857
2006.58331,-0.242981472,0.016873238
2006.66664,-0.224128666,0.016088875
2006.74997,-0.225291643,0.013388468
2006.8333,-0.241995923,0.01729353
2006.91663,-0.22703995,0.022655374
2007,-0.21573699,0.021465352
2007.08333,-0.262696517,0.022841168
2007.16666,-0.213542407,0.029045958
2007.24999,-0.207248288,0.022371552
2007.33332,-0.256264932,0.020440528
2007.41665,-0.264247106,0.018364135
2007.49998,-0.334978264,0.020930947
2007.58331,-0.268116917,0.027273801
2007.66664,-0.221775416,0.02717502
2007.74997,-0.210960843,0.028451332
2007.8333,-0.15320938,0.038050828
2007.91663,-0.07449504,0.040651467
2008,0.015296396,0.056886796
2008.08333,0.129084153,0.058056141
2008.16666,0.167692288,0.062571845
2008.24999,0.198528991,0.055724671
2008.33332,0.139503476,0.05441845
2008.41665,0.139381615,0.058538266
2008.49998,0.153955699,0.067029747
2008.58331,0.152988023,0.068425855
2008.66664,0.233188837,0.07771218
2008.74997,0.502872335,0.096689194
2008.8333,0.542305971,0.105682448
2008.91663,0.610804351,0.107153005
2009,1.002082852,0.108037176
2009.08333,1.033319052,0.117324025
2009.16666,0.961591491,0.12460159
2009.24999,0.861717323,0.115367419
2009.33332,0.757579041,0.103125168
2009.41665,0.618221543,0.095362111
2009.49998,0.47663678,0.0992093
2009.58331,0.440050342,0.084250696
2009.66664,0.391566641,0.086073834
2009.74997,0.418185673,0.084022968
2009.8333,0.398153404,0.087250217
2009.91663,0.369789132,0.086488445
2010,0.305130752,0.086518613
2010.08333,0.2970377,0.087715959
2010.16666,0.25502129,0.055029119
2010.24999,0.206851983,0.05251158
2010.33332,0.237648238,0.068170248
2010.41665,0.392882601,0.080719276
2010.49998,0.462924744,0.085050933
2010.58331,0.51906447,0.093042319
2010.66664,0.597364385,0.089986313
2010.74997,0.57472435,0.089389136
2010.8333,0.595693844,0.089800724
2010.91663,0.480878547,0.086505037
2011,0.279658349,0.086631396
2011.08333,0.227765466,0.086283757
2011.16666,0.198670475,0.093062589
2011.24999,0.236895173,0.096710425
2011.33332,0.22869644,0.099202039
2011.41665,0.35586099,0.105378157
2011.49998,0.388165611,0.1036335
2011.58331,0.508328744,0.122523645
2011.66664,0.791642427,0.126973047
2011.74997,0.918372898,0.124917404
2011.8333,0.826621432,0.128908804
2011.91663,0.885635444,0.12711312
2012,0.867600573,0.123159967
2012.08333,0.845226673,0.117690698
2012.16666,0.833824041,0.113958028
2012.24999,0.749450901,0.120670113
2012.33332,0.845669187,0.11907478
2012.41665,0.99452258,0.120390601
2012.49998,1.078221599,0.116640925
2012.58331,1.116044348,0.11807188
2012.66664,1.005384275,0.11235264
2012.74997,0.991078935,0.112809491
2012.8333,1.005805239,0.120831241
2012.91663,1.048508702,0.11566742
2013,0.976359258,0.110234058
2013.08333,0.864754342,0.112083969
2013.16666,0.812119924,0.106074183
2013.24999,0.814275806,0.108554891
2013.33332,0.886693095,0.104053581
2013.41665,0.815204086,0.108039469
2013.49998,0.615686264,0.107286614
2013.58331,0.506355629,0.106727357
2013.66664,0.442768301,0.105547056
2013.74997,0.401040412,0.10519789
2013.8333,0.43762473,0.102523266
2013.91663,0.39127822,0.100556439
2014,0.327199363,0.103037007
2014.08333,0.352008705,0.109676984
2014.16666,0.390947008,0.110011388
2014.24999,0.39409796,0.111397037
2014.33332,0.391748611,0.113034155
2014.41665,0.424134298,0.111525911
2014.49998,0.398509356,0.112294872
2014.58331,0.429632808,0.109604547
2014.66664,0.466387774,0.10822357
2014.74997,0.451695451,0.119025657
2014.8333,0.490973978,0.117606701
2014.91663,0.471273235,0.119562392
2015,0.535410367,0.124907499
2015.08333,0.678061543,0.120668141
2015.16666,0.636286811,0.112582778
2015.24999,0.604191695,0.106932724
2015.33332,0.658875231,0.112473511
2015.41665,0.539568093,0.11480216
2015.49998,0.47390242,0.119574757
2015.58331,0.517501189,0.124017623
2015.66664,0.631769901,0.130131677
2015.74997,0.5921568,0.128523548
2015.8333,0.610717785,0.124195552
2015.91663,0.532863347,0.127479918
2016,0.611928549,0.137047276
2016.08333,0.68995229,0.139132089
2016.16666,0.794989448,0.129306474
