Year,Month,Code,X,Y_min,LostDecade
1900,1,1900,0.530849776,0.026660471,0
1900,2,1900.08333,0.528709593,0.029524834,0
1900,3,1900.16666,0.524975259,0.035195699,0
1900,4,1900.24999,0.519143455,0.039969092,0
1900,5,1900.33332,0.548053391,0.046394715,0
1900,6,1900.41665,0.574321133,0.051030389,0
1900,7,1900.49998,0.590572542,0.051394486,0
1900,8,1900.58331,0.57308408,0.05045861,0
1900,9,1900.66664,0.613744678,0.052891721,0
1900,10,1900.74997,0.571425246,0.049999409,0
1900,11,1900.8333,0.504243997,0.043333331,0
1900,12,1900.91663,0.438001213,0.038221064,0
1901,1,1901,0.43067523,0.035738789,0
1901,2,1901.08333,0.39691675,0.033479859,0
1901,3,1901.16666,0.363273812,0.030314893,0
1901,4,1901.24999,0.275964327,0.022690586,0
1901,5,1901.33332,0.329237669,0.026372154,0
1901,6,1901.41665,0.236103419,0.014101137,0
1901,7,1901.49998,0.322142401,0.019898,0
1901,8,1901.58331,0.322414314,0.018749437,0
1901,9,1901.66664,0.339817827,0.01925125,0
1901,10,1901.74997,0.354976387,0.020225446,0
1901,11,1901.8333,0.346877383,0.016779928,0
1901,12,1901.91663,0.374587273,0.017892739,0
1902,1,1902,0.345059804,0.016116409,0
1902,2,1902.08333,0.33655304,0.0153801,0
1902,3,1902.16666,0.335641981,0.015260322,0
1902,4,1902.24999,0.313943916,0.012374749,0
1902,5,1902.33332,0.328945831,0.012549601,0
1902,6,1902.41665,0.34611094,0.013035447,0
1902,7,1902.49998,0.32362709,0.007584899,0
1902,8,1902.58331,0.286738518,0.005319794,0
1902,9,1902.66664,0.296689182,0.005062571,0
1902,10,1902.74997,0.397181512,0.007721941,0
1902,11,1902.8333,0.404355224,0.011018538,0
1902,12,1902.91663,0.439758461,0.009600628,0
1903,1,1903,0.402676999,0.005384598,0
1903,2,1903.08333,0.410030514,0.005805865,0
1903,3,1903.16666,0.418004904,0.009123343,0
1903,4,1903.24999,0.461292878,0.012617983,0
1903,5,1903.33332,0.459866385,0.014315521,0
1903,6,1903.41665,0.52131545,0.019188467,0
1903,7,1903.49998,0.570112183,0.023256767,0
1903,8,1903.58331,0.604431424,0.026100523,0
1903,9,1903.66664,0.642758295,0.028245714,0
1903,10,1903.74997,0.665022416,0.031175666,0
1903,11,1903.8333,0.652926967,0.030960142,0
1903,12,1903.91663,0.612208874,0.026868042,0
1904,1,1904,0.620540048,0.025333279,0
1904,2,1904.08333,0.672012108,0.027822626,0
1904,3,1904.16666,0.664425622,0.028177303,0
1904,4,1904.24999,0.633754376,0.025897612,0
1904,5,1904.33332,0.63340012,0.027896395,0
1904,6,1904.41665,0.63370726,0.027835831,0
1904,7,1904.49998,0.598147958,0.023960888,0
1904,8,1904.58331,0.577920298,0.020745117,0
1904,9,1904.66664,0.54899489,0.016611733,0
1904,10,1904.74997,0.497193959,0.010993951,0
1904,11,1904.8333,0.469648492,0.005732064,0
1904,12,1904.91663,0.461794219,0.004776124,0
1905,1,1905,0.445409363,0.002536552,0
1905,2,1905.08333,0.404791335,-0.001817604,1
1905,3,1905.16666,0.37043779,-0.004621692,1
1905,4,1905.24999,0.391114079,-0.003403179,1
1905,5,1905.33332,0.436242407,0.001895952,0
1905,6,1905.41665,0.43377508,0.000658171,0
1905,7,1905.49998,0.408991318,-0.002545702,1
1905,8,1905.58331,0.392287318,-0.006488565,1
1905,9,1905.66664,0.384148921,-0.006905913,1
1905,10,1905.74997,0.376578862,-0.00840799,1
1905,11,1905.8333,0.401851645,-0.00790401,1
1905,12,1905.91663,0.395700933,-0.010598726,1
1906,1,1906,0.370398685,-0.014505774,1
1906,2,1906.08333,0.383902266,-0.014027249,1
1906,3,1906.16666,0.408765549,-0.011531328,1
1906,4,1906.24999,0.423442233,-0.010277067,1
1906,5,1906.33332,0.461568902,-0.007476966,1
1906,6,1906.41665,0.44923206,-0.00931014,1
1906,7,1906.49998,0.443000323,-0.006544486,1
1906,8,1906.58331,0.395891086,-0.015398456,1
1906,9,1906.66664,0.377173613,-0.019456519,1
1906,10,1906.74997,0.431106045,-0.016176292,1
1906,11,1906.8333,0.423342969,-0.019097882,1
1906,12,1906.91663,0.444069251,-0.017333335,1
1907,1,1907,0.464371519,-0.014202126,1
1907,2,1907.08333,0.518733475,-0.008514796,1
1907,3,1907.16666,0.612376738,0.000871954,0
1907,4,1907.24999,0.610351343,0.000182173,0
1907,5,1907.33332,0.666777926,0.003241631,0
1907,6,1907.41665,0.710423562,0.006169644,0
1907,7,1907.49998,0.674816224,0.002342112,0
1907,8,1907.58331,0.75156686,0.009589748,0
1907,9,1907.66664,0.76076885,0.010470692,0
1907,10,1907.74997,0.886926123,0.021496437,0
1907,11,1907.8333,0.904065762,0.027256598,0
1907,12,1907.91663,0.831361521,0.02217352,0
1908,1,1908,0.780558638,0.017769,0
1908,2,1908.08333,0.804364816,0.021548981,0
1908,3,1908.16666,0.770430033,0.01749361,0
1908,4,1908.24999,0.735376415,0.012120176,0
1908,5,1908.33332,0.688613473,0.006681498,0
1908,6,1908.41665,0.693517249,0.006536046,0
1908,7,1908.49998,0.673403379,0.002638162,0
1908,8,1908.58331,0.633750607,-0.001865995,1
1908,9,1908.66664,0.649415503,-0.000724855,1
1908,10,1908.74997,0.65350348,-0.002076986,1
1908,11,1908.8333,0.602802033,-0.009296572,1
1908,12,1908.91663,0.59579545,-0.011846373,1
1909,1,1909,0.585497088,-0.012300058,1
1909,2,1909.08333,0.629624175,-0.009292597,1
1909,3,1909.16666,0.615739943,-0.011193779,1
1909,4,1909.24999,0.589046658,-0.016518507,1
1909,5,1909.33332,0.564789147,-0.020636671,1
1909,6,1909.41665,0.556827678,-0.023039934,1
1909,7,1909.49998,0.541652596,-0.025190322,1
1909,8,1909.58331,0.523384153,-0.028437802,1
1909,9,1909.66664,0.532517535,-0.02897993,1
1909,10,1909.74997,0.54711969,-0.029893184,1
1909,11,1909.8333,0.561350792,-0.029738858,1
1909,12,1909.91663,0.55809195,-0.023374879,1
1910,1,1910,0.567290161,-0.019224234,1
1910,2,1910.08333,0.602575482,-0.015135287,1
1910,3,1910.16666,0.597168134,-0.018368356,1
1910,4,1910.24999,0.63195425,-0.013988806,1
1910,5,1910.33332,0.628669286,-0.012676764,1
1910,6,1910.41665,0.670812468,-0.008507853,1
1910,7,1910.49998,0.721143444,-0.003993385,1
1910,8,1910.58331,0.688458191,-0.006375805,1
1910,9,1910.66664,0.671131318,-0.007212405,1
1910,10,1910.74997,0.595599506,-0.01149996,1
1910,11,1910.8333,0.578505072,-0.011647077,1
1910,12,1910.91663,0.606092804,-0.009178253,1
1911,1,1911,0.583781696,-0.011685429,1
1911,2,1911.08333,0.534002136,-0.013489925,1
1911,3,1911.16666,0.558745667,-0.012558746,1
1911,4,1911.24999,0.531967548,-0.012411957,1
1911,5,1911.33332,0.510000964,-0.014674184,1
1911,6,1911.41665,0.491567262,-0.016820091,1
1911,7,1911.49998,0.508009593,-0.016624047,1
1911,8,1911.58331,0.588770949,-0.012045942,1
1911,9,1911.66664,0.653926467,-0.006614905,1
1911,10,1911.74997,0.648556297,-0.007375866,1
1911,11,1911.8333,0.599292605,-0.011661564,1
1911,12,1911.91663,0.582334157,-0.012318846,1
1912,1,1912,0.591710353,-0.012642371,1
1912,2,1912.08333,0.611469502,-0.012273944,1
1912,3,1912.16666,0.593446652,-0.015743996,1
1912,4,1912.24999,0.584601343,-0.019598375,1
1912,5,1912.33332,0.575577501,-0.020086795,1
1912,6,1912.41665,0.556436846,-0.020606948,1
1912,7,1912.49998,0.54780086,-0.021336955,1
1912,8,1912.58331,0.524625404,-0.024470903,1
1912,9,1912.66664,0.519511571,-0.02559454,1
1912,10,1912.74997,0.514666323,-0.026022759,1
1912,11,1912.8333,0.516257014,-0.025407957,1
1912,12,1912.91663,0.532866755,-0.021773821,1
1913,1,1913,0.544873738,-0.021433487,1
1913,2,1913.08333,0.572240141,-0.017298779,1
1913,3,1913.16666,0.595853515,-0.015019101,1
1913,4,1913.24999,0.60345274,-0.014951903,1
1913,5,1913.33332,0.625047508,-0.011586446,1
1913,6,1913.41665,0.693517249,-0.005353853,1
1913,7,1913.49998,0.69465031,-0.006936182,1
1913,8,1913.58331,0.674227296,-0.007527498,1
1913,9,1913.66664,0.679733547,-0.00728968,1
1913,10,1913.74997,0.716166095,0.00283647,0
1913,11,1913.8333,0.758729446,0.00920541,0
1913,12,1913.91663,0.754475925,0.009567063,0
1914,1,1914,0.720411497,0.007509463,0
1914,2,1914.08333,0.702276728,0.010483776,0
1914,3,1914.16666,0.718520375,0.015713794,0
1914,4,1914.24999,0.733169495,0.018189305,0
1914,5,1914.33332,0.734252549,0.017482172,0
1914,6,1914.41665,0.736227974,0.01803583,0
1914,7,1914.49998,0.803160727,0.024114438,0
1914,8,1914.58331,0.819663238,0.024098603,0
1914,9,1914.66664,0.816332281,0.024177559,0
1914,10,1914.74997,0.805910586,0.024174964,0
1914,11,1914.8333,0.812056851,0.024179335,0
1914,12,1914.91663,0.843525983,0.029230135,0
1915,1,1915,0.825015956,0.027278481,0
1915,2,1915.08333,0.825554634,0.029134872,0
1915,3,1915.16666,0.794157173,0.026415407,0
1915,4,1915.24999,0.734094183,0.018222782,0
1915,5,1915.33332,0.771850619,0.021189175,0
1915,6,1915.41665,0.763419442,0.020130039,0
1915,7,1915.49998,0.771809508,0.020862357,0
1915,8,1915.58331,0.735194926,0.015982276,0
1915,9,1915.66664,0.701153143,0.011750915,0
1915,10,1915.74997,0.662026492,0.008692258,0
1915,11,1915.8333,0.640061493,0.007283436,0
1915,12,1915.91663,0.643397477,0.007152905,0
1916,1,1916,0.672603651,0.009274893,0
1916,2,1916.08333,0.692797242,0.010795656,0
1916,3,1916.16666,0.701731924,0.011116521,0
1916,4,1916.24999,0.721694814,0.012379692,0
1916,5,1916.33332,0.709221686,0.011823234,0
1916,6,1916.41665,0.706840508,0.016028909,0
1916,7,1916.49998,0.722065308,0.018514182,0
1916,8,1916.58331,0.722324735,0.01744553,0
1916,9,1916.66664,0.699761004,0.012447099,0
1916,10,1916.74997,0.68818949,0.015161032,0
1916,11,1916.8333,0.68579428,0.018584693,0
1916,12,1916.91663,0.735595497,0.024023476,0
1917,1,1917,0.76834929,0.026879958,0
1917,2,1917.08333,0.854401028,0.033756031,0
1917,3,1917.16666,0.820848743,0.029821831,0
1917,4,1917.24999,0.882962344,0.035039543,0
1917,5,1917.33332,0.929254398,0.041087755,0
1917,6,1917.41665,0.923541959,0.041210987,0
1917,7,1917.49998,0.9331826,0.044272575,0
1917,8,1917.58331,0.975297912,0.04759201,0
1917,9,1917.66664,1.043598673,0.053170734,0
1917,10,1917.74997,1.109893685,0.059562994,0
1917,11,1917.8333,1.193774979,0.069806365,0
1917,12,1917.91663,1.241013762,0.073818685,0
1918,1,1918,1.19913121,0.066687014,0
1918,2,1918.08333,1.171679879,0.063314213,0
1918,3,1918.16666,1.187233688,0.06600968,0
1918,4,1918.24999,1.212973187,0.067572577,0
1918,5,1918.33332,1.206008208,0.068874276,0
1918,6,1918.41665,1.218240776,0.073346941,0
1918,7,1918.49998,1.240643704,0.073945924,0
1918,8,1918.58331,1.253898613,0.07318971,0
1918,9,1918.66664,1.277996165,0.074326964,0
1918,10,1918.74997,1.257697121,0.070436911,0
1918,11,1918.8333,1.251357956,0.066919037,0
1918,12,1918.91663,1.285678283,0.062908839,0
1919,1,1919,1.290584261,0.063753472,0
1919,2,1919.08333,1.270112607,0.063421577,0
1919,3,1919.16666,1.242214797,0.060877449,0
1919,4,1919.24999,1.21784187,0.058086817,0
1919,5,1919.33332,1.153450807,0.045586621,0
1919,6,1919.41665,1.11739152,0.040736171,0
1919,7,1919.49998,1.10458006,0.037990035,0
1919,8,1919.58331,1.18041254,0.043844125,0
1919,9,1919.66664,1.161833278,0.029607144,0
1919,10,1919.74997,1.11902216,0.013728072,0
1919,11,1919.8333,1.159015373,0.01600967,0
1919,12,1919.91663,1.199901105,0.002948738,0
1920,1,1920,1.219739786,0.002702336,0
1920,2,1920.08333,1.304301556,0.009220202,0
1920,3,1920.16666,1.241882377,0.00343344,0
1920,4,1920.24999,1.274967678,-0.0180504,1
1920,5,1920.33332,1.348998576,-0.023277172,1
1920,6,1920.41665,1.376328189,-0.033470023,1
1920,7,1920.49998,1.366428991,-0.033774464,1
1920,8,1920.58331,1.376320268,-0.030827904,1
1920,9,1920.66664,1.320057283,-0.034194452,1
1920,10,1920.74997,1.308685382,-0.034722814,1
1920,11,1920.8333,1.348698044,-0.030674377,1
1920,12,1920.91663,1.417388822,-0.022983419,1
1921,1,1921,1.346704485,-0.027150395,1
1921,2,1921.08333,1.315861993,-0.026408327,1
1921,3,1921.16666,1.345006555,-0.024068339,1
1921,4,1921.24999,1.336057625,-0.024322923,1
1921,5,1921.33332,1.293427163,-0.026943202,1
1921,6,1921.41665,1.377826316,-0.019268987,1
1921,7,1921.49998,1.396263892,-0.018913027,1
1921,8,1921.58331,1.416671098,-0.017629043,1
1921,9,1921.66664,1.389924944,-0.019736137,1
1921,10,1921.74997,1.386742462,-0.020911959,1
1921,11,1921.8333,1.336361992,-0.02566952,1
1921,12,1921.91663,1.306843829,-0.028889081,1
1922,1,1922,1.291446106,-0.028611197,1
1922,2,1922.08333,1.280925845,-0.031097521,1
1922,3,1922.16666,1.226695691,-0.0351677,1
1922,4,1922.24999,1.16047599,-0.041453943,1
1922,5,1922.33332,1.115083192,-0.045696146,1
1922,6,1922.41665,1.119043594,-0.045251529,1
1922,7,1922.49998,1.113766536,-0.046544275,1
1922,8,1922.58331,1.057664222,-0.050878983,1
1922,9,1922.66664,1.024661329,-0.054048533,1
1922,10,1922.74997,1.005499066,-0.056865237,1
1922,11,1922.8333,1.057854296,-0.052247246,1
1922,12,1922.91663,1.060565341,-0.052676446,1
1923,1,1923,1.034680201,-0.054708395,1
1923,2,1923.08333,0.989108767,-0.059612159,1
1923,3,1923.16666,0.973972812,-0.061726863,1
1923,4,1923.24999,1.019578397,-0.058266634,1
1923,5,1923.33332,1.071775635,-0.053453177,1
1923,6,1923.41665,1.11858441,-0.049642387,1
1923,7,1923.49998,1.165906604,-0.046216458,1
1923,8,1923.58331,1.160836689,-0.047153678,1
1923,9,1923.66664,1.165303525,-0.048338525,1
1923,10,1923.74997,1.189044784,-0.047137456,1
1923,11,1923.8333,1.162926835,-0.050963981,1
1923,12,1923.91663,1.136342194,-0.055396804,1
1924,1,1924,1.108471734,-0.059678482,1
1924,2,1924.08333,1.104743043,-0.060819932,1
1924,3,1924.16666,1.122011937,-0.05920427,1
1924,4,1924.24999,1.142012604,-0.056996097,1
1924,5,1924.33332,1.149516185,-0.057188303,1
1924,6,1924.41665,1.135706864,-0.052984392,1
1924,7,1924.49998,1.098040452,-0.028384381,1
1924,8,1924.58331,1.063306923,-0.032625652,1
1924,9,1924.66664,1.084555549,-0.031895614,1
1924,10,1924.74997,1.105920932,-0.030658944,1
1924,11,1924.8333,1.056705762,-0.037540412,1
1924,12,1924.91663,1.015671937,-0.044413286,1
1925,1,1925,0.978240606,-0.049819459,1
1925,2,1925.08333,0.969064068,-0.050935128,1
1925,3,1925.16666,1.003702189,-0.034965432,1
1925,4,1925.24999,1.013121067,-0.008484302,1
1925,5,1925.33332,0.989705867,-0.011734288,1
1925,6,1925.41665,0.987786734,-0.013700168,1
1925,7,1925.49998,0.974227095,-0.016605377,1
1925,8,1925.58331,0.964570151,-0.018186975,1
1925,9,1925.66664,0.942798992,-0.020695981,1
1925,10,1925.74997,0.913973419,-0.024262817,1
1925,11,1925.8333,0.903601581,-0.027775797,1
1925,12,1925.91663,0.882698811,-0.029696619,1
1926,1,1926,0.87120743,-0.031625827,1
1926,2,1926.08333,0.869521656,-0.031922764,1
1926,3,1926.16666,0.939265134,-0.024280004,1
1926,4,1926.24999,0.976890354,-0.021313936,1
1926,5,1926.33332,0.965270914,-0.022197167,1
1926,6,1926.41665,0.916690812,-0.02760044,1
1926,7,1926.49998,0.86702925,-0.032491965,1
1926,8,1926.58331,0.824625824,-0.037188413,1
1926,9,1926.66664,0.81732361,-0.039186314,1
1926,10,1926.74997,0.846683049,-0.036739166,1
1926,11,1926.8333,0.840246778,-0.03863491,1
1926,12,1926.91663,0.815676462,-0.041617434,1
1927,1,1927,0.810798475,-0.041099012,1
1927,2,1927.08333,0.786926133,-0.044083295,1
1927,3,1927.16666,0.758001485,-0.037092107,1
1927,4,1927.24999,0.725740623,-0.0309312,1
1927,5,1927.33332,0.691149178,-0.030613847,1
1927,6,1927.41665,0.683181008,-0.026006845,1
1927,7,1927.49998,0.637924417,-0.025139602,1
1927,8,1927.58331,0.574255426,-0.030218287,1
1927,9,1927.66664,0.52187646,-0.035758283,1
1927,10,1927.74997,0.537713895,-0.034663084,1
1927,11,1927.8333,0.504629857,-0.03719288,1
1927,12,1927.91663,0.476351736,-0.039821241,1
1928,1,1928,0.467809239,-0.040623304,1
1928,2,1928.08333,0.464624523,-0.040031567,1
1928,3,1928.16666,0.403482076,-0.045877575,1
1928,4,1928.24999,0.330467104,-0.052596998,1
1928,5,1928.33332,0.298109584,-0.056329475,1
1928,6,1928.41665,0.335302121,-0.051936823,1
1928,7,1928.49998,0.321373991,-0.053372705,1
1928,8,1928.58331,0.283828175,-0.057444761,1
1928,9,1928.66664,0.219774234,-0.065240865,1
1928,10,1928.74997,0.189155253,-0.068135627,1
1928,11,1928.8333,0.120207973,-0.07595914,1
1928,12,1928.91663,0.104605245,-0.077241581,1
1929,1,1929,0.031011938,-0.085808344,1
1929,2,1929.08333,0.023596214,-0.08687526,1
1929,3,1929.16666,0.011894459,-0.08940056,1
1929,4,1929.24999,0.021494357,-0.089291174,1
1929,5,1929.33332,0.025276783,-0.091610604,1
1929,6,1929.41665,0.022347864,-0.0943314,1
1929,7,1929.49998,-0.03784573,-0.104675808,1
1929,8,1929.58331,-0.079653709,-0.111839296,1
1929,9,1929.66664,-0.107554906,-0.117147401,1
1929,10,1929.74997,0.018424697,-0.104949369,1
1929,11,1929.8333,0.337672356,-0.069278218,1
1929,12,1929.91663,0.307702483,-0.074575391,1
1930,1,1930,0.300170395,-0.076885461,1
1930,2,1930.08333,0.248807573,-0.085205678,1
1930,3,1930.16666,0.211942765,-0.090848582,1
1930,4,1930.24999,0.159324039,-0.097082346,1
1930,5,1930.33332,0.220359929,-0.086437538,1
1930,6,1930.41665,0.323106162,-0.062812799,1
1930,7,1930.49998,0.33784618,-0.061358603,1
1930,8,1930.58331,0.34649833,-0.060684321,1
1930,9,1930.66664,0.357355175,-0.061273155,1
1930,10,1930.74997,0.503234509,-0.046987431,1
1930,11,1930.8333,0.572520193,-0.040921396,1
1930,12,1930.91663,0.625866173,-0.035417266,1
1931,1,1931,0.583192036,-0.038540963,1
1931,2,1931.08333,0.499978006,-0.045812881,1
1931,3,1931.16666,0.468171708,-0.048263172,1
1931,4,1931.24999,0.555857858,-0.03986297,1
1931,5,1931.33332,0.641162125,-0.031336858,1
1931,6,1931.41665,0.654753733,-0.029038411,1
1931,7,1931.49998,0.616008377,-0.032748387,1
1931,8,1931.58331,0.640837503,-0.030606339,1
1931,9,1931.66664,0.790037007,-0.016148891,1
1931,10,1931.74997,0.921165092,-0.003242495,1
1931,11,1931.8333,0.888870136,-0.005093525,1
1931,12,1931.91663,1.087607069,0.014238039,0
1932,1,1932,1.079353927,0.015238893,0
1932,2,1932.08333,1.067951182,0.015951484,0
1932,3,1932.16666,1.068670065,0.015502255,0
1932,4,1932.24999,1.346004988,0.042606132,0
1932,5,1932.33332,1.472283715,0.055621465,0
1932,6,1932.41665,1.618014587,0.070097746,0
1932,7,1932.49998,1.579141518,0.065181182,0
1932,8,1932.58331,1.177113435,0.023425507,0
1932,9,1932.66664,1.085609196,0.013895715,0
1932,10,1932.74997,1.234899475,0.029500026,0
1932,11,1932.8333,1.246045581,0.030681998,0
1932,12,1932.91663,1.278832854,0.034389105,0
1933,1,1933,1.232434009,0.030437666,0
1933,2,1933.08333,1.350259487,0.04423467,0
1933,3,1933.16666,1.351224559,0.044665782,0
1933,4,1933.24999,1.251707526,0.033728775,0
1933,5,1933.33332,1.003074862,0.005606351,0
1933,6,1933.41665,0.853902959,-0.012182861,1
1933,7,1933.49998,0.811649225,-0.021084607,1
1933,8,1933.58331,0.873949891,-0.015400094,1
1933,9,1933.66664,0.883242878,-0.014479695,1
1933,10,1933.74997,0.988700147,-0.002629456,1
1933,11,1933.8333,0.965698962,-0.005425948,1
1933,12,1933.91663,0.94979581,-0.007820829,1
1934,1,1934,0.893692995,-0.014540374,1
1934,2,1934.08333,0.833292396,-0.023201072,1
1934,3,1934.16666,0.893001543,-0.016831225,1
1934,4,1934.24999,0.879322554,-0.016634978,1
1934,5,1934.33332,0.993517408,0.003449393,0
1934,6,1934.41665,0.994444184,0.006878379,0
1934,7,1934.49998,1.050245071,0.013079013,0
1934,8,1934.58331,1.096793943,0.019804543,0
1934,9,1934.66664,1.140487963,0.032162974,0
1934,10,1934.74997,1.132613845,0.033675621,0
1934,11,1934.8333,1.112868426,0.031317994,0
1934,12,1934.91663,1.103403749,0.038166512,0
1935,1,1935,1.126086266,0.045734323,0
1935,2,1935.08333,1.173084789,0.054025576,0
1935,3,1935.16666,1.240913452,0.062550765,0
1935,4,1935.24999,1.179377757,0.054627011,0
1935,5,1935.33332,1.105866537,0.046290439,0
1935,6,1935.41665,1.06828873,0.042262285,0
1935,7,1935.49998,1.020651747,0.036521494,0
1935,8,1935.58331,0.95765454,0.028948038,0
1935,9,1935.66664,0.939605419,0.026679849,0
1935,10,1935.74997,0.915266257,0.023805088,0
1935,11,1935.8333,0.838672499,0.014638005,0
1935,12,1935.91663,0.84055266,0.01800536,0
1936,1,1936,0.788350566,0.011569979,0
1936,2,1936.08333,0.734698608,0.006126762,0
1936,3,1936.16666,0.704228351,0.003513762,0
1936,4,1936.24999,0.701018075,0.005502504,0
1936,5,1936.33332,0.750458547,0.017335578,0
1936,6,1936.41665,0.715037025,0.012356681,0
1936,7,1936.49998,0.663634981,0.005346966,0
1936,8,1936.58331,0.650294609,0.002757354,0
1936,9,1936.66664,0.634384055,0.003674621,0
1936,10,1936.74997,0.5828642,-0.002696703,1
1936,11,1936.8333,0.555038778,-0.003380062,1
1936,12,1936.91663,0.572397882,0.002295732,0
1937,1,1937,0.545734579,0.002451436,0
1937,2,1937.08333,0.517460922,-0.00116099,1
1937,3,1937.16666,0.530232729,0.002124811,0
1937,4,1937.24999,0.603496623,0.012099392,0
1937,5,1937.33332,0.661735727,0.016677777,0
1937,6,1937.41665,0.705333129,0.020549613,0
1937,7,1937.49998,0.660109001,0.014730454,0
1937,8,1937.58331,0.655809008,0.013704691,0
1937,9,1937.66664,0.821469308,0.027884496,0
1937,10,1937.74997,0.985212177,0.041367603,0
1937,11,1937.8333,1.076330384,0.049373156,0
1937,12,1937.91663,1.091662495,0.050883133,0
1938,1,1938,1.057834135,0.048727017,0
1938,2,1938.08333,1.080410943,0.051030893,0
1938,3,1938.16666,1.156923838,0.057190749,0
1938,4,1938.24999,1.209699169,0.061098935,0
1938,5,1938.33332,1.200814464,0.060510014,0
1938,6,1938.41665,1.184101552,0.058606609,0
1938,7,1938.49998,1.004313529,0.042330226,0
1938,8,1938.58331,1.003647623,0.042034121,0
1938,9,1938.66664,1.05431219,0.046508431,0
1938,10,1938.74997,0.94094722,0.036921082,0
1938,11,1938.8333,0.943623389,0.03712683,0
1938,12,1938.91663,0.976401736,0.040153967,0
1939,1,1939,0.990798784,0.041955255,0
1939,2,1939.08333,0.995398876,0.043011803,0
1939,3,1939.16666,0.995185141,0.043377403,0
1939,4,1939.24999,1.121692602,0.056940119,0
1939,5,1939.33332,1.089454351,0.05370729,0
1939,6,1939.41665,1.071270505,0.052285748,0
1939,7,1939.49998,1.046370944,0.050185967,0
1939,8,1939.58331,1.060599998,0.052074835,0
1939,9,1939.66664,0.985064877,0.042048209,0
1939,10,1939.74997,0.967236718,0.041274363,0
1939,11,1939.8333,0.984837274,0.043492027,0
1939,12,1939.91663,1.01323124,0.046258872,0
1940,1,1940,1.011601912,0.04711502,0
1940,2,1940.08333,1.025932622,0.048166166,0
1940,3,1940.16666,1.038110969,0.049145184,0
1940,4,1940.24999,1.034992627,0.048540367,0
1940,5,1940.33332,1.195356696,0.065140457,0
1940,6,1940.41665,1.301188799,0.075515069,0
1940,7,1940.49998,1.27021945,0.072357978,0
1940,8,1940.58331,1.259062771,0.070476639,0
1940,9,1940.66664,1.228518261,0.066234877,0
1940,10,1940.74997,1.229865136,0.065593596,0
1940,11,1940.8333,1.218315166,0.063463515,0
1940,12,1940.91663,1.284427541,0.068791365,0
1941,1,1941,1.295247803,0.069026776,0
1941,2,1941.08333,1.372391456,0.076554272,0
1941,3,1941.16666,1.355167856,0.075567459,0
1941,4,1941.24999,1.372107473,0.079266759,0
1941,5,1941.33332,1.384567852,0.08183669,0
1941,6,1941.41665,1.355602221,0.084023737,0
1941,7,1941.49998,1.290315314,0.081751253,0
1941,8,1941.58331,1.294189312,0.083391522,0
1941,9,1941.66664,1.286268047,0.085712246,0
1941,10,1941.74997,1.327338896,0.091982559,0
1941,11,1941.8333,1.369622119,0.10054403,0
1941,12,1941.91663,1.426524864,0.110826837,0
1942,1,1942,1.408867222,0.109336697,0
1942,2,1942.08333,1.434946935,0.11364398,0
1942,3,1942.16666,1.507784259,0.120880317,0
1942,4,1942.24999,1.560247828,0.126608408,0
1942,5,1942.33332,1.563766893,0.12588027,0
1942,6,1942.41665,1.517834595,0.120515748,0
1942,7,1942.49998,1.491254957,0.123109351,0
1942,8,1942.58331,1.506673764,0.124099411,0
1942,9,1942.66664,1.494877843,0.123726918,0
1942,10,1942.74997,1.439188937,0.11783564,0
1942,11,1942.8333,1.432958387,0.116962927,0
1942,12,1942.91663,1.437107771,0.117082773,0
1943,1,1943,1.38347833,0.112281991,0
1943,2,1943.08333,1.329774151,0.107467808,0
1943,3,1943.16666,1.316786955,0.104766832,0
1943,4,1943.24999,1.299426994,0.102233439,0
1943,5,1943.33332,1.270853622,0.099122812,0
1943,6,1943.41665,1.25686738,0.098024577,0
1943,7,1943.49998,1.235398114,0.096626933,0
1943,8,1943.58331,1.284145798,0.102148564,0
1943,9,1943.66664,1.268575328,0.100684243,0
1943,10,1943.74997,1.281891103,0.102243339,0
1943,11,1943.8333,1.333231433,0.107688972,0
1943,12,1943.91663,1.322936537,0.107020417,0
1944,1,1944,1.294481198,0.104431137,0
1944,2,1944.08333,1.30357217,0.105899319,0
1944,3,1944.16666,1.283254135,0.10377871,0
1944,4,1944.24999,1.312583039,0.106405014,0
1944,5,1944.33332,1.302137053,0.105331319,0
1944,6,1944.41665,1.268219812,0.101172212,0
1944,7,1944.49998,1.254277114,0.099162319,0
1944,8,1944.58331,1.275583385,0.101461008,0
1944,9,1944.66664,1.293948571,0.104090155,0
1944,10,1944.74997,1.276263966,0.10219687,0
1944,11,1944.8333,1.289095058,0.103807235,0
1944,12,1944.91663,1.279429378,0.102188758,0
1945,1,1945,1.25650195,0.099659784,0
1945,2,1945.08333,1.229434212,0.096688173,0
1945,3,1945.16666,1.235284609,0.097702882,0
1945,4,1945.24999,1.21894432,0.095606832,0
1945,5,1945.33332,1.191280362,0.092113675,0
1945,6,1945.41665,1.193022973,0.090760035,0
1945,7,1945.49998,1.217362041,0.094228962,0
1945,8,1945.58331,1.222218245,0.094672023,0
1945,9,1945.66664,1.160721762,0.088301361,0
1945,10,1945.74997,1.12909727,0.086536,0
1945,11,1945.8333,1.105168735,0.083506183,0
1945,12,1945.91663,1.098280344,0.083711319,0
1946,1,1946,1.068160681,0.0817446,0
1946,2,1946.08333,1.063793558,0.083067013,0
1946,3,1946.16666,1.104589114,0.090815087,0
1946,4,1946.24999,1.041627223,0.088927899,0
1946,5,1946.33332,1.043499299,0.089774316,0
1946,6,1946.41665,1.054068269,0.094703143,0
1946,7,1946.49998,1.137339604,0.101357433,0
1946,8,1946.58331,1.170035253,0.105970406,0
1946,9,1946.66664,1.336179361,0.120261117,0
1946,10,1946.74997,1.370432823,0.122936619,0
1946,11,1946.8333,1.395322997,0.12392999,0
1946,12,1946.91663,1.367716012,0.122059834,0
1947,1,1947,1.358959389,0.122236612,0
1947,2,1947.08333,1.313508691,0.11941334,0
1947,3,1947.16666,1.361472976,0.123777381,0
1947,4,1947.24999,1.392231954,0.127775474,0
1947,5,1947.33332,1.399217506,0.130101216,0
1947,6,1947.41665,1.36278098,0.12756628,0
1947,7,1947.49998,1.299713077,0.122544097,0
1947,8,1947.58331,1.32241856,0.125074605,0
1947,9,1947.66664,1.364188506,0.128148257,0
1947,10,1947.74997,1.328425533,0.126429676,0
1947,11,1947.8333,1.337801384,0.128166222,0
1947,12,1947.91663,1.357170605,0.1304006,0
1948,1,1948,1.377675609,0.132333085,0
1948,2,1948.08333,1.410587054,0.138178532,0
1948,3,1948.16666,1.395872081,0.137721934,0
1948,4,1948.24999,1.34371008,0.131287903,0
1948,5,1948.33332,1.306064594,0.127444254,0
1948,6,1948.41665,1.280421976,0.124254452,0
1948,7,1948.49998,1.324232655,0.127636504,0
1948,8,1948.58331,1.365958543,0.13172913,0
1948,9,1948.66664,1.390382707,0.133630257,0
1948,10,1948.74997,1.368434797,0.13019455,0
1948,11,1948.8333,1.427741551,0.13573493,0
1948,12,1948.91663,1.440843476,0.137061925,0
1949,1,1949,1.436325295,0.136896942,0
1949,2,1949.08333,1.478422808,0.140939548,0
1949,3,1949.16666,1.475387904,0.140840715,0
1949,4,1949.24999,1.487583177,0.141668828,0
1949,5,1949.33332,1.496828236,0.143030837,0
1949,6,1949.41665,1.562950397,0.148696332,0
1949,7,1949.49998,1.505118438,0.144489606,0
1949,8,1949.58331,1.476131545,0.142081086,0
1949,9,1949.66664,1.473090489,0.141650073,0
1949,10,1949.74997,1.44416079,0.140085683,0
1949,11,1949.8333,1.439256416,0.139564375,0
1949,12,1949.91663,1.409374674,0.137870607,0
1950,1,1950,1.388697246,0.136703299,0
1950,2,1950.08333,1.3739232,0.13545088,0
1950,3,1950.16666,1.365339457,0.135244035,0
1950,4,1950.24999,1.332382099,0.133164883,0
1950,5,1950.33332,1.299206987,0.125343362,0
1950,6,1950.41665,1.283016012,0.113485116,0
1950,7,1950.49998,1.366225103,0.120140859,0
1950,8,1950.58331,1.311647106,0.11550517,0
1950,9,1950.66664,1.272615737,0.112923083,0
1950,10,1950.74997,1.236723295,0.10760288,0
1950,11,1950.8333,1.239068172,0.108068585,0
1950,12,1950.91663,1.251263593,0.108695204,0
1951,1,1951,1.192538427,0.102937959,0
1951,2,1951.08333,1.164758501,0.100165303,0
1951,3,1951.16666,1.185897158,0.101961094,0
1951,4,1951.24999,1.172781032,0.101151816,0
1951,5,1951.33332,1.176487347,0.10145391,0
1951,6,1951.41665,1.193092213,0.103330247,0
1951,7,1951.49998,1.17559269,0.102209342,0
1951,8,1951.58331,1.135653938,0.098749094,0
1951,9,1951.66664,1.117269252,0.096824076,0
1951,10,1951.74997,1.123979329,0.097651785,0
1951,11,1951.8333,1.158282678,0.100606706,0
1951,12,1951.91663,1.129514893,0.098227638,0
1952,1,1952,1.094965945,0.095614611,0
1952,2,1952.08333,1.104887939,0.097745786,0
1952,3,1952.16666,1.10116354,0.097938511,0
1952,4,1952.24999,1.107209136,0.098571151,0
1952,5,1952.33332,1.103102354,0.099052653,0
1952,6,1952.41665,1.079147954,0.096896452,0
1952,7,1952.49998,1.057975271,0.094506812,0
1952,8,1952.58331,1.049913557,0.09455922,0
1952,9,1952.66664,1.06620996,0.096588432,0
1952,10,1952.74997,1.087037535,0.09916141,0
1952,11,1952.8333,1.05580283,0.096422214,0
1952,12,1952.91663,1.01243551,0.092903467,0
1953,1,1953,1.002715009,0.092839636,0
1953,2,1953.08333,1.010771756,0.094951663,0
1953,3,1953.16666,1.02376459,0.095294051,0
1953,4,1953.24999,1.088170989,0.100645142,0
1953,5,1953.33332,1.068387689,0.098724435,0
1953,6,1953.41665,1.037300844,0.102713642,0
1953,7,1953.49998,1.006694219,0.103515089,0
1953,8,1953.58331,1.068870979,0.103558246,0
1953,9,1953.66664,1.112822781,0.110144847,0
1953,10,1953.74997,1.118122379,0.10958762,0
1953,11,1953.8333,1.172396621,0.107667934,0
1953,12,1953.91663,1.155500151,0.107755045,0
1954,1,1954,1.16860566,0.106713377,0
1954,2,1954.08333,1.193837672,0.105029702,0
1954,3,1954.16666,1.181643959,0.104335036,0
1954,4,1954.24999,1.184278026,0.101292406,0
1954,5,1954.33332,1.188102736,0.096542121,0
1954,6,1954.41665,1.150015063,0.096179075,0
1954,7,1954.49998,1.111229553,0.092954552,0
1954,8,1954.58331,1.130350664,0.090592506,0
1954,9,1954.66664,1.082062003,0.088207281,0
1954,10,1954.74997,1.055679244,0.086686853,0
1954,11,1954.8333,1.001260558,0.083560288,0
1954,12,1954.91663,0.937534798,0.080015596,0
1955,1,1955,0.912923906,0.078193066,0
1955,2,1955.08333,0.846102575,0.075521559,0
1955,3,1955.16666,0.844365497,0.076407817,0
1955,4,1955.24999,0.804543654,0.073378782,0
1955,5,1955.33332,0.788997506,0.074107329,0
1955,6,1955.41665,0.735194926,0.069439893,0
1955,7,1955.49998,0.667654888,0.062694952,0
1955,8,1955.58331,0.637939557,0.063110736,0
1955,9,1955.66664,0.580625964,0.059562678,0
1955,10,1955.74997,0.639096591,0.065334439,0
1955,11,1955.8333,0.611397623,0.059718757,0
1955,12,1955.91663,0.602637596,0.0587117,0
1956,1,1956,0.613626455,0.062118408,0
1956,2,1956.08333,0.635199079,0.062423583,0
1956,3,1956.16666,0.597640656,0.05559138,0
1956,4,1956.24999,0.55625544,0.053081524,0
1956,5,1956.33332,0.528358429,0.057413431,0
1956,6,1956.41665,0.584271251,0.058950261,0
1956,7,1956.49998,0.56951462,0.053306476,0
1956,8,1956.58331,0.543629502,0.052449656,0
1956,9,1956.66664,0.520754755,0.055853063,0
1956,10,1956.74997,0.529675505,0.057889835,0
1956,11,1956.8333,0.558952008,0.058112398,0
1956,12,1956.91663,0.510359066,0.056231571,0
1957,1,1957,0.510412376,0.060046754,0
1957,2,1957.08333,0.601363211,0.066111077,0
1957,3,1957.16666,0.63288027,0.064686191,0
1957,4,1957.24999,0.598397158,0.062189586,0
1957,5,1957.33332,0.548735197,0.057659607,0
1957,6,1957.41665,0.507032826,0.054653226,0
1957,7,1957.49998,0.444632223,0.051855423,0
1957,8,1957.58331,0.472100226,0.058512066,0
1957,9,1957.66664,0.51787038,0.063691127,0
1957,10,1957.74997,0.589363908,0.070941967,0
1957,11,1957.8333,0.606092804,0.076286813,0
1957,12,1957.91663,0.676242867,0.081749446,0
1958,1,1958,0.814955557,0.081355289,0
1958,2,1958.08333,0.853780829,0.076127715,0
1958,3,1958.16666,0.855983808,0.075021293,0
1958,4,1958.24999,0.88063888,0.07425003,0
1958,5,1958.33332,0.88572273,0.063823853,0
1958,6,1958.41665,0.849829061,0.060263386,0
1958,7,1958.49998,0.811228261,0.054068196,0
1958,8,1958.58331,0.698602031,0.04893681,0
1958,9,1958.66664,0.572839335,0.0455401,0
1958,10,1958.74997,0.47376108,0.042217355,0
1958,11,1958.8333,0.437544184,0.04040364,0
1958,12,1958.91663,0.431915865,0.038265445,0
1959,1,1959,0.365242973,0.034064074,0
1959,2,1959.08333,0.336939546,0.036143518,0
1959,3,1959.16666,0.327504567,0.034041051,0
1959,4,1959.24999,0.307399183,0.031946172,0
1959,5,1959.33332,0.261328401,0.029554518,0
1959,6,1959.41665,0.229167911,0.030430253,0
1959,7,1959.49998,0.1881312,0.026787755,0
1959,8,1959.58331,0.181234148,0.027398601,0
1959,9,1959.66664,0.219754301,0.029603942,0
1959,10,1959.74997,0.170389824,0.031121964,0
1959,11,1959.8333,0.200195142,0.031089867,0
1959,12,1959.91663,0.170211975,0.027279378,0
1960,1,1960,0.150653137,0.029065832,0
1960,2,1960.08333,0.188307436,0.034814067,0
1960,3,1960.16666,0.253189185,0.037938117,0
1960,4,1960.24999,0.300058344,0.036949557,0
1960,5,1960.33332,0.302825491,0.037583195,0
1960,6,1960.41665,0.254672919,0.036142499,0
1960,7,1960.49998,0.326741732,0.040445447,0
1960,8,1960.58331,0.377431741,0.040439231,0
1960,9,1960.66664,0.434018916,0.043492197,0
1960,10,1960.74997,0.460164196,0.044962096,0
1960,11,1960.8333,0.404762855,0.042135484,0
1960,12,1960.91663,0.370907172,0.040992099,0
1961,1,1961,0.343550025,0.036721732,0
1961,2,1961.08333,0.30322626,0.033755045,0
1961,3,1961.16666,0.287746074,0.031162273,0
1961,4,1961.24999,0.271530547,0.028311957,0
1961,5,1961.33332,0.250155101,0.028165271,0
1961,6,1961.41665,0.282040682,0.028422014,0
1961,7,1961.49998,0.246130744,0.028710308,0
1961,8,1961.58331,0.197417327,0.024024058,0
1961,9,1961.66664,0.178308819,0.025791912,0
1961,10,1961.74997,0.183182727,0.025443985,0
1961,11,1961.8333,0.154420049,0.020495552,0
1961,12,1961.91663,0.141130478,0.018548107,0
1962,1,1962,0.149986031,0.021801961,0
1962,2,1962.08333,0.133348552,0.020306537,0
1962,3,1962.16666,0.143667158,0.021188881,0
1962,4,1962.24999,0.208331296,0.024756353,0
1962,5,1962.33332,0.310533182,0.030132816,0
1962,6,1962.41665,0.428752671,0.039861386,0
1962,7,1962.49998,0.400217899,0.028206789,0
1962,8,1962.58331,0.350186042,0.023768,0
1962,9,1962.66664,0.372026464,0.015197567,0
1962,10,1962.74997,0.406087302,0.018351309,0
1962,11,1962.8333,0.354527252,0.01294714,0
1962,12,1962.91663,0.31645473,0.004404862,0
1963,1,1963,0.296472596,0.001498685,0
1963,2,1963.08333,0.293430563,-0.000181611,1
1963,3,1963.16666,0.279491705,0.000115494,0
1963,4,1963.24999,0.233326472,-0.00404826,1
1963,5,1963.33332,0.205491519,-0.00545201,1
1963,6,1963.41665,0.221976732,-0.005821219,1
1963,7,1963.49998,0.227147808,-0.004711221,1
1963,8,1963.58331,0.194927884,-0.006945292,1
1963,9,1963.66664,0.176259965,-0.009814192,1
1963,10,1963.74997,0.159802622,-0.01024912,1
1963,11,1963.8333,0.16064774,-0.009815894,1
1963,12,1963.91663,0.142891635,-0.011804605,1
1964,1,1964,0.112811539,-0.014878137,1
1964,2,1964.08333,0.09396898,-0.015882951,1
1964,3,1964.16666,0.083321828,-0.018117477,1
1964,4,1964.24999,0.05538164,-0.01958183,1
1964,5,1964.33332,0.046346602,-0.020325597,1
1964,6,1964.41665,0.065498982,-0.019593404,1
1964,7,1964.49998,0.042629878,-0.023303297,1
1964,8,1964.58331,0.0523096,-0.021963356,1
1964,9,1964.66664,0.041769318,-0.023781932,1
1964,10,1964.74997,0.02550244,-0.025476365,1
1964,11,1964.8333,0.027024905,-0.025950858,1
1964,12,1964.91663,0.057496706,-0.024564281,1
1965,1,1965,0.027693962,-0.027309078,1
1965,2,1965.08333,0.021016304,-0.028338966,1
1965,3,1965.16666,0.021402406,-0.028568688,1
1965,4,1965.24999,0.01411718,-0.02997185,1
1965,5,1965.33332,0.004188761,-0.031747121,1
1965,6,1965.41665,0.059093108,-0.026805301,1
1965,7,1965.49998,0.06312086,-0.026697939,1
1965,8,1965.58331,0.049043196,-0.029240649,1
1965,9,1965.66664,0.006798055,-0.033290307,1
1965,10,1965.74997,-0.019961438,-0.036419579,1
1965,11,1965.8333,-0.040138561,-0.038412534,1
1965,12,1965.91663,-0.052786928,-0.039619208,1
1966,1,1966,-0.10577523,-0.041673876,1
1966,2,1966.08333,-0.088532719,-0.043102545,1
1966,3,1966.16666,-0.088068568,-0.038912274,1
1966,4,1966.24999,-0.118189175,-0.041517692,1
1966,5,1966.33332,-0.037175354,-0.035752553,1
1966,6,1966.41665,-0.030110107,-0.035254883,1
1966,7,1966.49998,-0.027982804,-0.037093917,1
1966,8,1966.58331,0.000518134,-0.031684294,1
1966,9,1966.66664,-0.000151988,-0.027140305,1
1966,10,1966.74997,0.024913787,-0.024608116,1
1966,11,1966.8333,0.01260815,-0.032188257,1
1966,12,1966.91663,-0.018413428,-0.019419115,1
1967,1,1967,0.011251056,-0.010426562,1
1967,2,1967.08333,0.03562096,-0.006853807,1
1967,3,1967.16666,0.007354982,-0.008279466,1
1967,4,1967.24999,0.015391849,-0.010168205,1
1967,5,1967.33332,-0.007476978,-0.013661431,1
1967,6,1967.41665,-0.044184336,-0.013695445,1
1967,7,1967.49998,-0.090169718,-0.016274843,1
1967,8,1967.58331,-0.128171554,-0.018602498,1
1967,9,1967.66664,-0.159748696,-0.020043744,1
1967,10,1967.74997,-0.156755855,-0.021191046,1
1967,11,1967.8333,-0.152762288,-0.020061602,1
1967,12,1967.91663,-0.223643426,-0.022390076,1
1968,1,1968,-0.203813932,-0.020846103,1
1968,2,1968.08333,-0.121532442,-0.016477004,1
1968,3,1968.16666,-0.102654056,-0.015935677,1
1968,4,1968.24999,-0.200056689,-0.022286743,1
1968,5,1968.33332,-0.198795119,-0.026319303,1
1968,6,1968.41665,-0.255726901,-0.027881953,1
1968,7,1968.49998,-0.218412377,-0.025986771,1
1968,8,1968.58331,-0.150744887,-0.023073926,1
1968,9,1968.66664,-0.161315806,-0.026754485,1
1968,10,1968.74997,-0.183321057,-0.030322241,1
1968,11,1968.8333,-0.214110879,-0.032961812,1
1968,12,1968.91663,-0.238985404,-0.036787393,1
1969,1,1969,-0.245106197,-0.032225475,1
1969,2,1969.08333,-0.232982985,-0.032923371,1
1969,3,1969.16666,-0.223447505,-0.03140717,1
1969,4,1969.24999,-0.252383856,-0.032583846,1
1969,5,1969.33332,-0.257621497,-0.037465088,1
1969,6,1969.41665,-0.219675143,-0.033468048,1
1969,7,1969.49998,-0.204797079,-0.029449451,1
1969,8,1969.58331,-0.21389774,-0.028513967,1
1969,9,1969.66664,-0.207794353,-0.032808117,1
1969,10,1969.74997,-0.278404165,-0.033527971,1
1969,11,1969.8333,-0.269446816,-0.034692154,1
1969,12,1969.91663,-0.212981694,-0.032375216,1
1970,1,1970,-0.268028959,-0.032383844,1
1970,2,1970.08333,-0.243121065,-0.02327309,1
1970,3,1970.16666,-0.179627932,-0.017606702,1
1970,4,1970.24999,-0.115120828,-0.009941756,1
1970,5,1970.33332,-0.032585286,0.00044507,0
1970,6,1970.41665,-0.087626188,0.002099788,0
1970,7,1970.49998,-0.073651868,0.005360538,0
1970,8,1970.58331,-0.050560026,0.001687623,0
1970,9,1970.66664,-0.111051094,-0.003869061,1
1970,10,1970.74997,-0.106999771,-0.005690292,1
1970,11,1970.8333,-0.09151663,0.002078923,0
1970,12,1970.91663,-0.08204808,0.000813967,0
1971,1,1971,-0.050497278,-0.002170093,1
1971,2,1971.08333,-0.060786491,-0.004039882,1
1971,3,1971.16666,-0.061226793,-0.00320599,1
1971,4,1971.24999,-0.021213396,-0.008269591,1
1971,5,1971.33332,-0.023470403,-0.011496377,1
1971,6,1971.41665,-0.087472271,-0.008852673,1
1971,7,1971.49998,-0.096425921,-0.003692579,1
1971,8,1971.58331,-0.105976726,0.003556891,0
1971,9,1971.66664,-0.103808512,0.006169533,0
1971,10,1971.74997,-0.008763488,0.010285785,0
1971,11,1971.8333,0.075314238,0.015801548,0
1971,12,1971.91663,0.03618692,0.009051958,0
1972,1,1972,-0.023245713,0.004553459,0
1972,2,1972.08333,-0.038133584,0.001527323,0
1972,3,1972.16666,-0.079594607,-0.000922554,1
1972,4,1972.24999,-0.084105827,-0.002950817,1
1972,5,1972.33332,-0.089067096,0.001182645,0
1972,6,1972.41665,-0.078193615,0.001324819,0
1972,7,1972.49998,-0.061226793,0.002334124,0
1972,8,1972.58331,-0.091789444,-0.001590087,1
1972,9,1972.66664,-0.089457632,-0.002351715,1
1972,10,1972.74997,-0.138208563,-0.00173816,1
1972,11,1972.8333,-0.172634791,-0.004981272,1
1972,12,1972.91663,-0.158045941,-0.007455759,1
1973,1,1973,-0.173916332,-0.008757782,1
1973,2,1973.08333,-0.144701029,-0.006079576,1
1973,3,1973.16666,-0.144986531,-0.004647529,1
1973,4,1973.24999,-0.128106454,-0.002030083,1
1973,5,1973.33332,-0.084228091,-2.84538E-05,1
1973,6,1973.41665,-0.079721118,0.002390483,0
1973,7,1973.49998,-0.092041206,-7.27492E-05,1
1973,8,1973.58331,-0.085685832,0.00031778,0
1973,9,1973.66664,-0.135858682,0.001190151,0
1973,10,1973.74997,-0.120462997,-0.000453968,1
1973,11,1973.8333,0.005278909,0.008777464,0
1973,12,1973.91663,0.096646372,0.017548471,0
1974,1,1974,0.092200819,0.014332141,0
1974,2,1974.08333,0.098821939,0.018340218,0
1974,3,1974.16666,0.076475079,0.011799084,0
1974,4,1974.24999,0.099980569,0.016051513,0
1974,5,1974.33332,0.10402807,0.019701084,0
1974,6,1974.41665,0.103959276,0.020437992,0
1974,7,1974.49998,0.244104199,0.034027764,0
1974,8,1974.58331,0.2653441,0.041040468,0
1974,9,1974.66664,0.359719574,0.049785715,0
1974,10,1974.74997,0.352830913,0.048461044,0
1974,11,1974.8333,0.346653894,0.047505866,0
1974,12,1974.91663,0.45150067,0.055125507,0
1975,1,1975,0.411348381,0.048576654,0
1975,2,1975.08333,0.311974765,0.041301407,0
1975,3,1975.16666,0.286584009,0.035911166,0
1975,4,1975.24999,0.234736743,0.032497404,0
1975,5,1975.33332,0.115987898,0.028624022,0
1975,6,1975.41665,0.119452679,0.028081992,0
1975,7,1975.49998,0.15462079,0.027279089,0
1975,8,1975.58331,0.206711795,0.032535743,0
1975,9,1975.66664,0.182385559,0.033993191,0
1975,10,1975.74997,0.138321131,0.032207769,0
1975,11,1975.8333,0.162735424,0.031761941,0
1975,12,1975.91663,0.192220389,0.034018121,0
1976,1,1976,0.110708122,0.028037661,0
1976,2,1976.08333,0.108625841,0.024694303,0
1976,3,1976.16666,0.09874136,0.025119866,0
1976,4,1976.24999,0.101327548,0.025985915,0
1976,5,1976.33332,0.137346662,0.024928239,0
1976,6,1976.41665,0.092488165,0.025147691,0
1976,7,1976.49998,0.078679637,0.023610469,0
1976,8,1976.58331,0.096202578,0.025386113,0
1976,9,1976.66664,0.085953391,0.025050554,0
1976,10,1976.74997,0.149120851,0.030271082,0
1976,11,1976.8333,0.181971618,0.032342754,0
1976,12,1976.91663,0.167661542,0.032417889,0
1977,1,1977,0.240890094,0.031368335,0
1977,2,1977.08333,0.230897284,0.033435681,0
1977,3,1977.16666,0.216279662,0.033910202,0
1977,4,1977.24999,0.230994288,0.036766594,0
1977,5,1977.33332,0.25162662,0.037004299,0
1977,6,1977.41665,0.241386446,0.038358225,0
1977,7,1977.49998,0.262019524,0.037595626,0
1977,8,1977.58331,0.283967646,0.040355198,0
1977,9,1977.66664,0.294129479,0.043149665,0
1977,10,1977.74997,0.332514877,0.045304902,0
1977,11,1977.8333,0.308287582,0.044861809,0
1977,12,1977.91663,0.309595085,0.045226475,0
1978,1,1978,0.341707517,0.048222448,0
1978,2,1978.08333,0.327976428,0.05002074,0
1978,3,1978.16666,0.330332126,0.050883523,0
1978,4,1978.24999,0.295037054,0.045739346,0
1978,5,1978.33332,0.242269033,0.039035315,0
1978,6,1978.41665,0.226367493,0.038566505,0
1978,7,1978.49998,0.225924916,0.038435914,0
1978,8,1978.58331,0.144184508,0.032874236,0
1978,9,1978.66664,0.179181691,0.033487386,0
1978,10,1978.74997,0.22011564,0.036290968,0
1978,11,1978.8333,0.259351208,0.040677195,0
1978,12,1978.91663,0.230947674,0.038881438,0
1979,1,1979,0.181131066,0.035715321,0
1979,2,1979.08333,0.199671195,0.037479065,0
1979,3,1979.16666,0.191923508,0.036305973,0
1979,4,1979.24999,0.183134687,0.034825737,0
1979,5,1979.33332,0.21452827,0.036971612,0
1979,6,1979.41665,0.200129175,0.037697975,0
1979,7,1979.49998,0.23984093,0.037151772,0
1979,8,1979.58331,0.201950959,0.033325735,0
1979,9,1979.66664,0.195245107,0.031178605,0
1979,10,1979.74997,0.210913642,0.029714825,0
1979,11,1979.8333,0.13060995,0.02907936,0
1979,12,1979.91663,0.070556593,0.027590493,0
1980,1,1980,0.083908922,0.022234809,0
1980,2,1980.08333,0.022859294,0.010796023,0
1980,3,1980.16666,-0.002724286,0.01942867,0
1980,4,1980.24999,0.00040008,0.028393676,0
1980,5,1980.33332,0.073571193,0.031980147,0
1980,6,1980.41665,0.143503232,0.029059969,0
1980,7,1980.49998,0.141029145,0.022577275,0
1980,8,1980.58331,0.072920216,0.015214751,0
1980,9,1980.66664,-0.020978406,0.011117995,0
1980,10,1980.74997,-0.074491327,0.007508829,0
1980,11,1980.8333,-0.12564097,-0.00131788,1
1980,12,1980.91663,-0.174501056,9.32367E-05,0
1981,1,1981,-0.173099161,0.002666155,0
1981,2,1981.08333,-0.104297851,0.003448268,0
1981,3,1981.16666,-0.180362973,0.000746721,0
1981,4,1981.24999,-0.176142506,-0.002649251,1
1981,5,1981.33332,-0.187786596,-0.002115309,1
1981,6,1981.41665,-0.212341418,0.001704302,0
1981,7,1981.49998,-0.129461246,0.000475663,0
1981,8,1981.58331,-0.181921477,-0.002824048,1
1981,9,1981.66664,-0.124385193,0.005919605,0
1981,10,1981.74997,-0.158694626,0.00637707,0
1981,11,1981.8333,-0.16823531,0.01446143,0
1981,12,1981.91663,-0.047300484,0.012522219,0
1982,1,1982,-0.013812171,0.014324514,0
1982,2,1982.08333,-0.04646556,0.018626933,0
1982,3,1982.16666,-0.002880846,0.024753448,0
1982,4,1982.24999,-0.006216637,0.02120211,0
1982,5,1982.33332,0.00275078,0.023003662,0
1982,6,1982.41665,0.093017011,0.025787671,0
1982,7,1982.49998,0.051798685,0.02841658,0
1982,8,1982.58331,0.076578714,0.033176823,0
1982,9,1982.66664,0.034136062,0.027583626,0
1982,10,1982.74997,0.012882626,0.028348228,0
1982,11,1982.8333,0.093228847,0.027295475,0
1982,12,1982.91663,0.112513817,0.027107503,0
1983,1,1983,0.079796738,0.024963061,0
1983,2,1983.08333,0.070437486,0.022493475,0
1983,3,1983.16666,0.010599982,0.021084747,0
1983,4,1983.24999,-0.001601717,0.018762112,0
1983,5,1983.33332,-0.026135474,0.015658824,0
1983,6,1983.41665,-0.037295785,0.012152562,0
1983,7,1983.49998,-0.082579487,0.009350085,0
1983,8,1983.58331,-0.101901139,0.010068628,0
1983,9,1983.66664,-0.167740772,0.008992783,0
1983,10,1983.74997,-0.152721087,0.010006014,0
1983,11,1983.8333,-0.12812053,0.01133124,0
1983,12,1983.91663,-0.137984712,0.011709358,0
1984,1,1984,-0.156992638,0.012128151,0
1984,2,1984.08333,-0.084013889,0.01768046,0
1984,3,1984.16666,-0.099548458,0.015519677,0
1984,4,1984.24999,-0.137142863,0.014346825,0
1984,5,1984.33332,-0.153363799,0.011276086,0
1984,6,1984.41665,-0.189165583,0.013699116,0
1984,7,1984.49998,-0.184628893,0.017173547,0
1984,8,1984.58331,-0.250939247,0.012623517,0
1984,9,1984.66664,-0.209099798,0.013553431,0
1984,10,1984.74997,-0.183920278,0.017523986,0
1984,11,1984.8333,-0.164076116,0.021136621,0
1984,12,1984.91663,-0.105008454,0.023681639,0
1985,1,1985,-0.139761942,0.020488354,0
1985,2,1985.08333,-0.177109665,0.014329583,0
1985,3,1985.16666,-0.176963059,0.01376449,0
1985,4,1985.24999,-0.209807014,0.016751743,0
1985,5,1985.33332,-0.192868244,0.018850611,0
1985,6,1985.41665,-0.159466526,0.022104879,0
1985,7,1985.49998,-0.111183529,0.019500187,0
1985,8,1985.58331,-0.101919201,0.02289163,0
1985,9,1985.66664,-0.078396122,0.026684313,0
1985,10,1985.74997,-0.089872696,0.02998372,0
1985,11,1985.8333,-0.133467391,0.027770425,0
1985,12,1985.91663,-0.133903074,0.027749375,0
1986,1,1986,-0.081830647,0.029650571,0
1986,2,1986.08333,-0.129835446,0.029025994,0
1986,3,1986.16666,-0.137611806,0.030263588,0
1986,4,1986.24999,-0.0527727,0.033769198,0
1986,5,1986.33332,0.010171555,0.030748773,0
1986,6,1986.41665,-0.068517158,0.027319379,0
1986,7,1986.49998,-0.060492848,0.036091417,0
1986,8,1986.58331,-0.013873319,0.035545578,0
1986,9,1986.66664,0.034799541,0.037271127,0
1986,10,1986.74997,-0.000534857,0.038676535,0
1986,11,1986.8333,-0.030083907,0.037069083,0
1986,12,1986.91663,-0.021296609,0.038866248,0
1987,1,1987,-0.059034653,0.03252736,0
1987,2,1987.08333,-0.113378684,0.024608755,0
1987,3,1987.16666,-0.174940215,0.020384751,0
1987,4,1987.24999,-0.160842525,0.015873741,0
1987,5,1987.33332,-0.259307289,0.011767593,0
1987,6,1987.41665,-0.370917141,0.013573254,0
1987,7,1987.49998,-0.374345889,0.012089194,0
1987,8,1987.58331,-0.437535317,0.002977869,0
1987,9,1987.66664,-0.437459776,0.002436243,0
1987,10,1987.74997,-0.38043854,0.019484786,0
1987,11,1987.8333,-0.257558891,0.041992354,0
1987,12,1987.91663,-0.170884738,0.043943226,0
1988,1,1988,-0.222831503,0.0502589,0
1988,2,1988.08333,-0.214958142,0.054178821,0
1988,3,1988.16666,-0.18598733,0.051149442,0
1988,4,1988.24999,-0.188793071,0.050781284,0
1988,5,1988.33332,-0.201646946,0.051944821,0
1988,6,1988.41665,-0.294602819,0.047538621,0
1988,7,1988.49998,-0.264831986,0.048739588,0
1988,8,1988.58331,-0.25475384,0.053696667,0
1988,9,1988.66664,-0.285676563,0.056141653,0
1988,10,1988.74997,-0.285132325,0.056360847,0
1988,11,1988.8333,-0.24027595,0.060237981,0
1988,12,1988.91663,-0.275447535,0.058888107,0
1989,1,1989,-0.318234798,0.056743124,0
1989,2,1989.08333,-0.340907387,0.054110991,0
1989,3,1989.16666,-0.338619929,0.048591719,0
1989,4,1989.24999,-0.384298671,0.04758901,0
1989,5,1989.33332,-0.396250786,0.046877861,0
1989,6,1989.41665,-0.388186014,0.048196441,0
1989,7,1989.49998,-0.342474189,0.048235022,0
1989,8,1989.58331,-0.352026356,0.041809902,0
1989,9,1989.66664,-0.362057134,0.029706215,0
1989,10,1989.74997,-0.367912762,0.031243021,0
1989,11,1989.8333,-0.32275284,0.034358024,0
1989,12,1989.91663,-0.32862366,0.033023844,0
1990,1,1990,-0.290218852,0.033588864,0
1990,2,1990.08333,-0.304148995,0.035130026,0
1990,3,1990.16666,-0.354523331,0.032977649,0
1990,4,1990.24999,-0.367402497,0.032517337,0
1990,5,1990.33332,-0.424339854,0.03022656,0
1990,6,1990.41665,-0.445347141,0.024753388,0
1990,7,1990.49998,-0.40892578,0.013610099,0
1990,8,1990.58331,-0.314517996,0.017546518,0
1990,9,1990.66664,-0.291736343,0.014122809,0
1990,10,1990.74997,-0.275734483,0.0166572,0
1990,11,1990.8333,-0.281086369,0.016710722,0
1990,12,1990.91663,-0.285039835,0.015408114,0
1991,1,1991,-0.230895031,0.0165497,0
1991,2,1991.08333,-0.339627254,0.006342493,0
1991,3,1991.16666,-0.335664768,0.002937467,0
1991,4,1991.24999,-0.387149055,0.002025944,0
1991,5,1991.33332,-0.371295934,0.002580648,0
1991,6,1991.41665,-0.373910455,0.001664972,0
1991,7,1991.49998,-0.404584721,0.001646706,0
1991,8,1991.58331,-0.42577545,0.002089946,0
1991,9,1991.66664,-0.371866959,0.004417502,0
1991,10,1991.74997,-0.339165036,0.005565014,0
1991,11,1991.8333,-0.320079318,0.006811084,0
1991,12,1991.91663,-0.313531089,0.008615773,0
1992,1,1992,-0.337680792,0.003177473,0
1992,2,1992.08333,-0.319525157,0.002301611,0
1992,3,1992.16666,-0.347236946,0.00253671,0
1992,4,1992.24999,-0.375157092,0.003261819,0
1992,5,1992.33332,-0.385648721,0.002527971,0
1992,6,1992.41665,-0.355580645,0.005211348,0
1992,7,1992.49998,-0.353759097,0.006791037,0
1992,8,1992.58331,-0.299250895,0.008175196,0
1992,9,1992.66664,-0.261509284,0.00956719,0
1992,10,1992.74997,-0.217973409,0.010119507,0
1992,11,1992.8333,-0.267579105,0.006125204,0
1992,12,1992.91663,-0.339976803,0.004258853,0
1993,1,1993,-0.318936524,0.005901688,0
1993,2,1993.08333,-0.304273668,0.007223309,0
1993,3,1993.16666,-0.266363947,0.007714602,0
1993,4,1993.24999,-0.201722142,0.009727957,0
1993,5,1993.33332,-0.202976762,0.009044606,0
1993,6,1993.41665,-0.219010221,0.009352624,0
1993,7,1993.49998,-0.203247736,0.011036388,0
1993,8,1993.58331,-0.189844025,0.01081355,0
1993,9,1993.66664,-0.175827181,0.012520961,0
1993,10,1993.74997,-0.123540651,0.012026393,0
1993,11,1993.8333,-0.11460644,0.009409724,0
1993,12,1993.91663,-0.190911226,0.008637953,0
1994,1,1994,-0.211359997,0.007508193,0
1994,2,1994.08333,-0.200857042,0.006370578,0
1994,3,1994.16666,-0.217970997,0.004393429,0
1994,4,1994.24999,-0.261779478,0.004916669,0
1994,5,1994.33332,-0.341632471,0.002727922,0
1994,6,1994.41665,-0.376257351,0.002804628,0
1994,7,1994.49998,-0.354150761,0.002488931,0
1994,8,1994.58331,-0.404591393,0.00013454,0
1994,9,1994.66664,-0.398284724,-0.001939721,1
1994,10,1994.74997,-0.419429813,-0.002997927,1
1994,11,1994.8333,-0.447409033,-0.003537581,1
1994,12,1994.91663,-0.459223861,-0.000360308,1
1995,1,1995,-0.456906991,-0.002318576,1
1995,2,1995.08333,-0.481339139,-0.003256177,1
1995,3,1995.16666,-0.457364719,0.00417577,0
1995,4,1995.24999,-0.443454294,0.004271974,0
1995,5,1995.33332,-0.448916602,0.008696045,0
1995,6,1995.41665,-0.409680212,0.016672872,0
1995,7,1995.49998,-0.3659818,0.016076545,0
1995,8,1995.58331,-0.379794417,0.015828242,0
1995,9,1995.66664,-0.440643045,0.01680395,0
1995,10,1995.74997,-0.394512008,0.018904387,0
1995,11,1995.8333,-0.385765675,0.018085101,0
1995,12,1995.91663,-0.394929132,0.016852767,0
1996,1,1996,-0.346278285,0.017895374,0
1996,2,1996.08333,-0.383427385,0.010462143,0
1996,3,1996.16666,-0.398173925,0.007331019,0
1996,4,1996.24999,-0.466142434,0.00569757,0
1996,5,1996.33332,-0.518931284,0.001582071,0
1996,6,1996.41665,-0.559446631,-0.000758663,1
1996,7,1996.49998,-0.541059538,0.004660536,0
1996,8,1996.58331,-0.557136718,0.00437604,0
1996,9,1996.66664,-0.533654256,-0.003110762,1
1996,10,1996.74997,-0.592544219,-0.022463236,1
1996,11,1996.8333,-0.58832763,-0.033814526,1
1996,12,1996.91663,-0.54153328,-0.043246158,1
1997,1,1997,-0.579300761,-0.047531445,1
1997,2,1997.08333,-0.655085955,-0.053103232,1
1997,3,1997.16666,-0.614623319,-0.059196631,1
1997,4,1997.24999,-0.612534561,-0.057436801,1
1997,5,1997.33332,-0.723762221,-0.063739614,1
1997,6,1997.41665,-0.740448141,-0.066812648,1
1997,7,1997.49998,-0.754300604,-0.069945599,1
1997,8,1997.58331,-0.706298324,-0.070810483,1
1997,9,1997.66664,-0.721530535,-0.071336199,1
1997,10,1997.74997,-0.714463368,-0.0716893,1
1997,11,1997.8333,-0.667572416,-0.069783389,1
1997,12,1997.91663,-0.663802815,-0.071721904,1
1998,1,1998,-0.646666497,-0.070242525,1
1998,2,1998.08333,-0.653852145,-0.076162246,1
1998,3,1998.16666,-0.703767089,-0.081574615,1
1998,4,1998.24999,-0.744674073,-0.084771239,1
1998,5,1998.33332,-0.734279527,-0.084859532,1
1998,6,1998.41665,-0.731983204,-0.084148682,1
1998,7,1998.49998,-0.74398287,-0.088197211,1
1998,8,1998.58331,-0.659555236,-0.080783311,1
1998,9,1998.66664,-0.582496027,-0.072374462,1
1998,10,1998.74997,-0.485099733,-0.071707496,1
1998,11,1998.8333,-0.526419997,-0.084286453,1
1998,12,1998.91663,-0.628611859,-0.087064042,1
1999,1,1999,-0.632573057,-0.092862491,1
1999,2,1999.08333,-0.645468399,-0.095344041,1
1999,3,1999.16666,-0.726340148,-0.100379278,1
1999,4,1999.24999,-0.803440012,-0.104601281,1
1999,5,1999.33332,-0.790314725,-0.107744994,1
1999,6,1999.41665,-0.84877049,-0.110336681,1
1999,7,1999.49998,-0.950100679,-0.114520199,1
1999,8,1999.58331,-0.886963667,-0.112166427,1
1999,9,1999.66664,-0.897885592,-0.111850132,1
1999,10,1999.74997,-0.875702043,-0.112451284,1
1999,11,1999.8333,-0.970828537,-0.119645218,1
1999,12,1999.91663,-0.980075344,-0.125163778,1
2000,1,2000,-1.011148446,-0.128609681,1
2000,2,2000.08333,-1.032895474,-0.125324648,1
2000,3,2000.16666,-1.036007541,-0.128105742,1
2000,4,2000.24999,-1.002460355,-0.128106702,1
2000,5,2000.33332,-0.92163801,-0.129232935,1
2000,6,2000.41665,-1.013429058,-0.130609309,1
2000,7,2000.49998,-0.958487781,-0.131841704,1
2000,8,2000.58331,-0.953060367,-0.131747469,1
2000,9,2000.66664,-0.892893949,-0.130936799,1
2000,10,2000.74997,-0.825691837,-0.124774899,1
2000,11,2000.8333,-0.800193674,-0.124347272,1
2000,12,2000.91663,-0.756987333,-0.11658508,1
2001,1,2001,-0.661528538,-0.117055282,1
2001,2,2001.08333,-0.614551925,-0.114496918,1
2001,3,2001.16666,-0.499756587,-0.084951043,1
2001,4,2001.24999,-0.453056459,-0.075932573,1
2001,5,2001.33332,-0.560300125,-0.078396509,1
2001,6,2001.41665,-0.578001726,-0.074261366,1
2001,7,2001.49998,-0.529479356,-0.060409486,1
2001,8,2001.58331,-0.497959205,-0.052641072,1
2001,9,2001.66664,-0.318598448,-0.035364359,1
2001,10,2001.74997,-0.301462189,-0.037388216,1
2001,11,2001.8333,-0.315873678,-0.043667235,1
2001,12,2001.91663,-0.349423717,-0.049292465,1
2002,1,2002,-0.432595073,-0.048488119,1
2002,2,2002.08333,-0.382630369,-0.043284715,1
2002,3,2002.16666,-0.396921381,-0.052362896,1
2002,4,2002.24999,-0.42639651,-0.047432434,1
2002,5,2002.33332,-0.382246292,-0.043461236,1
2002,6,2002.41665,-0.308751544,-0.033751187,1
2002,7,2002.49998,-0.145465645,-0.016828786,1
2002,8,2002.58331,-0.092519927,-0.01209907,1
2002,9,2002.66664,0.048627377,-0.002930795,1
2002,10,2002.74997,0.162693062,-0.001695382,1
2002,11,2002.8333,0.083392479,-0.009615987,1
2002,12,2002.91663,0.066620687,-0.007952031,1
2003,1,2003,0.080266899,-0.007574293,1
2003,2,2003.08333,0.151980536,0.001878152,0
2003,3,2003.16666,0.185017187,0.001608279,0
2003,4,2003.24999,0.157141648,-0.00557634,1
2003,5,2003.33332,0.068103267,-0.007644781,1
2003,6,2003.41665,0.120551991,-0.011680031,1
2003,7,2003.49998,0.188535624,-0.018817714,1
2003,8,2003.58331,0.019517228,-0.023093864,1
2003,9,2003.66664,-0.116163948,-0.019367542,1
2003,10,2003.74997,-0.09215612,-0.021204438,1
2003,11,2003.8333,-0.107288157,-0.020983477,1
2003,12,2003.91663,-0.135858682,-0.019228312,1
2004,1,2004,-0.166430967,-0.023583585,1
2004,2,2004.08333,-0.137563876,-0.024030313,1
2004,3,2004.16666,-0.092681273,-0.019505078,1
2004,4,2004.24999,-0.029820904,-0.025673745,1
2004,5,2004.33332,-0.119248628,-0.025913177,1
2004,6,2004.41665,-0.220002624,-0.02663434,1
2004,7,2004.49998,-0.195246008,-0.015978349,1
2004,8,2004.58331,-0.12456002,-0.011886145,1
2004,9,2004.66664,-0.094105818,-0.013467781,1
2004,10,2004.74997,-0.048250018,-0.013013474,1
2004,11,2004.8333,-0.081828804,-0.015979498,1
2004,12,2004.91663,-0.128539202,-0.012153319,1
2005,1,2005,-0.117567012,-0.00650769,1
2005,2,2005.08333,-0.120825514,-0.005325257,1
2005,3,2005.16666,-0.093834546,-0.007907042,1
2005,4,2005.24999,-0.134050008,0.004388424,0
2005,5,2005.33332,-0.107247734,0.007672643,0
2005,6,2005.41665,-0.07631083,0.013591768,0
2005,7,2005.49998,-0.050312814,0.011748314,0
2005,8,2005.58331,-0.087076375,0.012064048,0
2005,9,2005.66664,-0.091756601,0.012690232,0
2005,10,2005.74997,-0.043978607,0.01368839,0
2005,11,2005.8333,-0.14537918,0.009827687,0
2005,12,2005.91663,-0.180429768,0.008654519,0
2006,1,2006,-0.168230239,0.008039789,0
2006,2,2006.08333,-0.148635499,0.007299512,0
2006,3,2006.16666,-0.185051992,0.005063394,0
2006,4,2006.24999,-0.210487804,0.002551275,0
2006,5,2006.33332,-0.246809295,0.002855507,0
2006,6,2006.41665,-0.234854707,0.00615277,0
2006,7,2006.49998,-0.232832462,0.006056542,0
2006,8,2006.58331,-0.242981472,0.005866161,0
2006,9,2006.66664,-0.224128666,0.005010067,0
2006,10,2006.74997,-0.225291643,0.00158179,0
2006,11,2006.8333,-0.241995923,0.000973907,0
2006,12,2006.91663,-0.22703995,-0.00057934,1
2007,1,2007,-0.21573699,-0.002662873,1
2007,2,2007.08333,-0.262696517,-0.003664454,1
2007,3,2007.16666,-0.213542407,0.000951181,0
2007,4,2007.24999,-0.207248288,-0.004408761,1
2007,5,2007.33332,-0.256264932,-0.008357793,1
2007,6,2007.41665,-0.264247106,-0.011527514,1
2007,7,2007.49998,-0.334978264,-0.010922922,1
2007,8,2007.58331,-0.268116917,-0.002493761,1
2007,9,2007.66664,-0.221775416,-0.004261313,1
2007,10,2007.74997,-0.210960843,-0.007488971,1
2007,11,2007.8333,-0.15320938,0.002502944,0
2007,12,2007.91663,-0.07449504,0.00193288,0
2008,1,2008,0.015296396,0.014461666,0
2008,2,2008.08333,0.129084153,0.025471842,0
2008,3,2008.16666,0.167692288,0.031859652,0
2008,4,2008.24999,0.198528991,0.025828106,0
2008,5,2008.33332,0.139503476,0.021205241,0
2008,6,2008.41665,0.139381615,0.027024424,0
2008,7,2008.49998,0.153955699,0.03698113,0
2008,8,2008.58331,0.152988023,0.036568589,0
2008,9,2008.66664,0.233188837,0.042850892,0
2008,10,2008.74997,0.502872335,0.062325192,0
2008,11,2008.8333,0.542305971,0.073023079,0
2008,12,2008.91663,0.610804351,0.082370558,0
2009,1,2009,1.002082852,0.083367932,0
2009,2,2009.08333,1.033319052,0.0876982,0
2009,3,2009.16666,0.961591491,0.094290808,0
2009,4,2009.24999,0.861717323,0.083716481,0
2009,5,2009.33332,0.757579041,0.075803989,0
2009,6,2009.41665,0.618221543,0.070670787,0
2009,7,2009.49998,0.47663678,0.07155288,0
2009,8,2009.58331,0.440050342,0.064782269,0
2009,9,2009.66664,0.391566641,0.063660523,0
2009,10,2009.74997,0.418185673,0.062239847,0
2009,11,2009.8333,0.398153404,0.060926342,0
2009,12,2009.91663,0.369789132,0.058004914,0
2010,1,2010,0.305130752,0.056310231,0
2010,2,2010.08333,0.2970377,0.060323469,0
2010,3,2010.16666,0.25502129,0.055029119,0
2010,4,2010.24999,0.206851983,0.050770266,0
2010,5,2010.33332,0.237648238,0.061265491,0
2010,6,2010.41665,0.392882601,0.067661149,0
2010,7,2010.49998,0.462924744,0.070339507,0
2010,8,2010.58331,0.51906447,0.073068026,0
2010,9,2010.66664,0.597364385,0.070908519,0
2010,10,2010.74997,0.57472435,0.068027325,0
2010,11,2010.8333,0.595693844,0.064175911,0
2010,12,2010.91663,0.480878547,0.05614486,0
2011,1,2011,0.279658349,0.052325235,0
2011,2,2011.08333,0.227765466,0.047956203,0
2011,3,2011.16666,0.198670475,0.051534242,0
2011,4,2011.24999,0.236895173,0.049494669,0
2011,5,2011.33332,0.22869644,0.052181202,0
2011,6,2011.41665,0.35586099,0.058881925,0
2011,7,2011.49998,0.388165611,0.056209874,0
2011,8,2011.58331,0.508328744,0.076804316,0
2011,9,2011.66664,0.791642427,0.082034692,0
2011,10,2011.74997,0.918372898,0.077702266,0
2011,11,2011.8333,0.826621432,0.078082836,0
2011,12,2011.91663,0.885635444,0.077528509,0
2012,1,2012,0.867600573,0.072909787,0
2012,2,2012.08333,0.845226673,0.068818209,0
2012,3,2012.16666,0.833824041,0.065967674,0
2012,4,2012.24999,0.749450901,0.074681718,0
2012,5,2012.33332,0.845669187,0.089979693,0
2012,6,2012.41665,0.99452258,0.096464667,0
2012,7,2012.49998,1.078221599,0.09994124,0
2012,8,2012.58331,1.116044348,0.095309065,0
2012,9,2012.66664,1.005384275,0.094698456,0
2012,10,2012.74997,0.991078935,0.100464898,0
2012,11,2012.8333,1.005805239,0.111100962,0
2012,12,2012.91663,1.048508702,0.112886636,0
2013,1,2013,0.976359258,0.109370474,0
2013,2,2013.08333,0.864754342,0.107521035,0
2013,3,2013.16666,0.812119924,0.106074183,0
2013,4,2013.24999,0.814275806,0.107482638,0
2013,5,2013.33332,0.886693095,0.102430185,0
2013,6,2013.41665,0.815204086,0.101224437,0
2013,7,2013.49998,0.615686264,0.096107548,0
2013,8,2013.58331,0.506355629,0.095405992,0
2013,9,2013.66664,0.442768301,0.094538549,0
2013,10,2013.74997,0.401040412,0.095175828,0
2013,11,2013.8333,0.43762473,0.090972025,0
2013,12,2013.91663,0.39127822,0.088552019,0
2014,1,2014,0.327199363,0.088971527,0
2014,2,2014.08333,0.352008705,0.091815471,0
2014,3,2014.16666,0.390947008,0.08967625,0
2014,4,2014.24999,0.39409796,0.090715211,0
